protocol,split,target_tag,name_cn,group,rows,min,max,mean,std
month_expanded_2024,train,SYG1_10MAA50CP101,超高压缸叶片级压力#1,Y1_VHP本体,43911,6.233,23.177,15.715680991095624,4.913456893519066
month_expanded_2024,train,SYG1_10MAA50CP102,超高压缸叶片级压力#2,Y1_VHP本体,43911,6.231,23.186,15.716714171847599,4.91238266311578
month_expanded_2024,train,SYG1_10MAA50CP103,超高压缸叶片级压力#3,Y1_VHP本体,43911,6.256,23.163,15.716418141240236,4.912431886291245
month_expanded_2024,train,SYG1_10MAA50CT121A,超高压排汽蒸汽温度#1,Y1_VHP本体,43911,386.456,432.78,413.3988243037052,4.304382129497621
month_expanded_2024,train,SYG1_10MAA50CT122A,超高压排汽蒸汽温度#2,Y1_VHP本体,43911,381.279,429.373,410.3820175126961,4.289273951273212
month_expanded_2024,train,SYG1_10MAA50CT123A,超高压排汽蒸汽温度#3,Y1_VHP本体,43911,383.84,431.193,411.94808961308104,4.301242769039002
month_expanded_2024,train,SYG1_10LBC01CP101,超高压缸A侧排汽垂直管压力,Y1_VHP本体,43911,3.145,11.275,7.611830907972946,2.396180159442318
month_expanded_2024,train,SYG1_10LBC02CP101,超高压缸B侧排汽垂直管压力,Y1_VHP本体,43911,3.154,11.347,7.655327343945709,2.4117961292997263
month_expanded_2024,train,SYG1_10LBC01CT101,超高压缸A侧排汽垂直管温度,Y1_VHP本体,43911,382.999,434.299,412.9903406891212,4.563478119677547
month_expanded_2024,train,SYG1_10LBC02CT101,超高压缸B侧排汽垂直管温度,Y1_VHP本体,43911,386.867,437.128,415.8659075174786,4.541854024594003
month_expanded_2024,train,SYG1_10LBQ10CP101,一级抽汽口压力,Y2_一级抽汽接口,43911,3.115,11.196,7.560258614014711,2.3793595303392814
month_expanded_2024,train,SYG1_10LBQ10CT101A,一级抽汽口温度,Y2_一级抽汽接口,43911,386.512,436.053,415.5404310081756,4.444415223419305
month_expanded_2024,train,SYG1_10LBQ10CT102,一级抽汽逆止门前水平管管顶温度,Y2_一级抽汽接口,43911,383.815,432.124,412.26410997244426,4.366717840245263
month_expanded_2024,train,SYG1_10LBQ10CT103,一级抽汽逆止门前水平管管底温度,Y2_一级抽汽接口,43911,383.29,431.947,412.33839165584936,4.42261142663797
month_expanded_2024,train,SYG1_10LBQ10CT104,一级抽汽逆止门后水平管管顶温度,Y2_一级抽汽接口,43911,383.234,432.091,411.92751800232287,4.253677425881009
month_expanded_2024,train,SYG1_10LBQ10CT105,一级抽汽逆止门后水平管管底温度,Y2_一级抽汽接口,43911,382.854,431.281,411.75196067044703,4.401363886198711
month_expanded_2024,train,SYG1_10LBQ10CP102,1号高加入口抽汽压力,Y2_一级抽汽接口,43911,3.168,11.004,7.510742069185398,2.3166552747864118
month_expanded_2024,train,SYG1_10LBQ10CT106,1号高加入口抽汽温度,Y2_一级抽汽接口,43911,383.234,432.235,412.1347427523856,4.213285379191069
month_expanded_2024,train,SYG1_10LBC20CT101,一次低温再热逆止阀前母管管底温度,Y3_VHP至RH1接口,43911,387.169,434.688,414.40614852770375,4.461594408541856
month_expanded_2024,train,SYG1_10LBC20CT103,一次低温再热逆止阀后水平管管顶温度,Y3_VHP至RH1接口,43911,385.716,433.822,413.492341622828,4.440703694902581
month_expanded_2024,train,SYG1_10LBC20CT104,一次低温再热逆止阀后水平管管底温度,Y3_VHP至RH1接口,43911,390.688,435.253,416.23533463141354,4.367033008046131
month_expanded_2024,train,SYG1_10MAA50CT111A,超高压内缸壁温90%处#1,Y4_VHP缸体与内部蒸汽,43911,539.269,589.65,570.7332919769534,5.475091145183299
month_expanded_2024,train,SYG1_10MAA50CT112A,超高压内缸壁温90%处#2,Y4_VHP缸体与内部蒸汽,43911,553.489,610.778,584.2947844275922,6.520081541664491
month_expanded_2024,train,SYG1_10MAA50CT131A,超高压缸蒸汽温度100%,Y4_VHP缸体与内部蒸汽,43911,505.486,543.561,525.3998871581152,5.529227378182804
month_expanded_2024,train,SYG1_10MAA50CT132A,超高压缸蒸汽温度50%,Y4_VHP缸体与内部蒸汽,43911,509.926,536.264,524.8806343740748,4.897986760287628
month_expanded_2024,train,SYG1_10MAA50CT151A,超高压缸中部上半汽缸温度50%,Y4_VHP缸体与内部蒸汽,43911,507.006,532.874,521.866790029833,4.987909843196798
month_expanded_2024,train,SYG1_10MAA50CT152A,超高压缸中部下半汽缸温度50%,Y4_VHP缸体与内部蒸汽,43911,508.009,533.589,522.1543636218715,4.695851879941057
month_expanded_2024,train,SYG1_10MAL41CT101A,#1抽汽逆止门前疏水阀后温度,Y5_疏水热状态,43911,23.226,36.8,29.387057616542553,2.581472372669221
month_expanded_2024,train,SYG1_10MAL67CT101A,超高压冷再热逆止阀前疏水阀后温度,Y5_疏水热状态,43911,26.925,64.313,34.83682785634579,5.435736280861398
month_expanded_2024,test,SYG1_10MAA50CP101,超高压缸叶片级压力#1,Y1_VHP本体,42710,6.601,22.893,12.737042168110513,3.122575569897816
month_expanded_2024,test,SYG1_10MAA50CP102,超高压缸叶片级压力#2,Y1_VHP本体,42710,6.599,22.896,12.739543690002343,3.1219943614354597
month_expanded_2024,test,SYG1_10MAA50CP103,超高压缸叶片级压力#3,Y1_VHP本体,42710,6.604,22.923,12.739597143526105,3.1223804067354646
month_expanded_2024,test,SYG1_10MAA50CT121A,超高压排汽蒸汽温度#1,Y1_VHP本体,42710,387.607,427.474,413.5982476937486,4.141777503412006
month_expanded_2024,test,SYG1_10MAA50CT122A,超高压排汽蒸汽温度#2,Y1_VHP本体,42710,385.003,424.308,410.5895433387965,4.119602904956707
month_expanded_2024,test,SYG1_10MAA50CT123A,超高压排汽蒸汽温度#3,Y1_VHP本体,42710,385.383,425.552,411.55255855771486,4.108405562548445
month_expanded_2024,test,SYG1_10LBC01CP101,超高压缸A侧排汽垂直管压力,Y1_VHP本体,42710,3.198,11.082,6.169122758136268,1.5071419740927174
month_expanded_2024,test,SYG1_10LBC02CP101,超高压缸B侧排汽垂直管压力,Y1_VHP本体,42710,3.215,11.15,6.2067838679466165,1.5179214552382652
month_expanded_2024,test,SYG1_10LBC01CT101,超高压缸A侧排汽垂直管温度,Y1_VHP本体,42710,384.833,429.049,412.7752517209085,4.265191002243403
month_expanded_2024,test,SYG1_10LBC02CT101,超高压缸B侧排汽垂直管温度,Y1_VHP本体,42710,387.493,432.557,415.5458140014048,4.230776941545518
month_expanded_2024,test,SYG1_10LBQ10CP101,一级抽汽口压力,Y2_一级抽汽接口,42710,3.172,10.999,6.129369070475299,1.4973705185438608
month_expanded_2024,test,SYG1_10LBQ10CT101A,一级抽汽口温度,Y2_一级抽汽接口,42710,387.909,431.959,415.2927400140482,4.1836900734852565
month_expanded_2024,test,SYG1_10LBQ10CT102,一级抽汽逆止门前水平管管顶温度,Y2_一级抽汽接口,42710,384.822,428.316,412.1997159447436,4.160457038593224
month_expanded_2024,test,SYG1_10LBQ10CT103,一级抽汽逆止门前水平管管底温度,Y2_一级抽汽接口,42710,384.732,428.516,412.19341472723016,4.161628812215372
month_expanded_2024,test,SYG1_10LBQ10CT104,一级抽汽逆止门后水平管管顶温度,Y2_一级抽汽接口,42710,384.676,427.739,412.0073088972138,4.154134431961007
month_expanded_2024,test,SYG1_10LBQ10CT105,一级抽汽逆止门后水平管管底温度,Y2_一级抽汽接口,42710,384.151,427.794,411.6325874268321,4.165073365617363
month_expanded_2024,test,SYG1_10LBQ10CP102,1号高加入口抽汽压力,Y2_一级抽汽接口,42710,3.225,10.79,6.127478272067431,1.4615056776266298
month_expanded_2024,test,SYG1_10LBQ10CT106,1号高加入口抽汽温度,Y2_一级抽汽接口,42710,385.112,427.306,412.2642680636853,4.163894832353366
month_expanded_2024,test,SYG1_10LBC20CT101,一次低温再热逆止阀前母管管底温度,Y3_VHP至RH1接口,42710,386.968,430.304,414.0647347225474,4.106296102333295
month_expanded_2024,test,SYG1_10LBC20CT103,一次低温再热逆止阀后水平管管顶温度,Y3_VHP至RH1接口,42710,386.096,429.582,413.1585565909623,4.118702657348175
month_expanded_2024,test,SYG1_10LBC20CT104,一次低温再热逆止阀后水平管管底温度,Y3_VHP至RH1接口,42710,388.7,431.159,415.82624392413953,4.049475422894607
month_expanded_2024,test,SYG1_10MAA50CT111A,超高压内缸壁温90%处#1,Y4_VHP缸体与内部蒸汽,42710,541.833,585.242,572.2604383282603,5.122342910874176
month_expanded_2024,test,SYG1_10MAA50CT112A,超高压内缸壁温90%处#2,Y4_VHP缸体与内部蒸汽,42710,547.997,600.552,582.3390999297587,5.701622364493992
month_expanded_2024,test,SYG1_10MAA50CT131A,超高压缸蒸汽温度100%,Y4_VHP缸体与内部蒸汽,42710,498.652,538.113,523.5815835401545,4.4689029569376
month_expanded_2024,test,SYG1_10MAA50CT132A,超高压缸蒸汽温度50%,Y4_VHP缸体与内部蒸汽,42710,505.673,530.012,523.1374762116601,3.9849499928246663
month_expanded_2024,test,SYG1_10MAA50CT151A,超高压缸中部上半汽缸温度50%,Y4_VHP缸体与内部蒸汽,42710,503.039,527.38,520.0860815499882,3.908410553087516
month_expanded_2024,test,SYG1_10MAA50CT152A,超高压缸中部下半汽缸温度50%,Y4_VHP缸体与内部蒸汽,42710,502.609,528.239,519.9229858346991,3.599285261134385
month_expanded_2024,test,SYG1_10MAL41CT101A,#1抽汽逆止门前疏水阀后温度,Y5_疏水热状态,42710,28.059,37.437,30.666751135565445,1.6098879730393751
month_expanded_2024,test,SYG1_10MAL67CT101A,超高压冷再热逆止阀前疏水阀后温度,Y5_疏水热状态,42710,31.009,60.314,34.55153903067197,3.320035370638497
month_expanded_2025,train,SYG1_10MAA50CP101,超高压缸叶片级压力#1,Y1_VHP本体,43521,6.738739,24.039917,17.29904496945842,4.087807941710599
month_expanded_2025,train,SYG1_10MAA50CP102,超高压缸叶片级压力#2,Y1_VHP本体,43521,6.7433167,24.042206,17.300904684929115,4.086448610704499
month_expanded_2025,train,SYG1_10MAA50CP103,超高压缸叶片级压力#3,Y1_VHP本体,43521,6.7410274,24.037626,17.30100618929482,4.086133932968798
month_expanded_2025,train,SYG1_10MAA50CT121A,超高压排汽蒸汽温度#1,Y1_VHP本体,43521,387.56256,438.49335,417.47171380643823,5.000104643844164
month_expanded_2025,train,SYG1_10MAA50CT122A,超高压排汽蒸汽温度#2,Y1_VHP本体,43521,385.83032,437.06284,415.6295509232325,4.947795748550429
month_expanded_2025,train,SYG1_10MAA50CT123A,超高压排汽蒸汽温度#3,Y1_VHP本体,43521,385.00305,436.242,414.9807395241378,4.9724905651231275
month_expanded_2025,train,SYG1_10LBC01CP101,超高压缸A侧排汽垂直管压力,Y1_VHP本体,43521,3.2663724,11.429443,8.409636042216402,2.000009774133499
month_expanded_2025,train,SYG1_10LBC02CP101,超高压缸B侧排汽垂直管压力,Y1_VHP本体,43521,3.2972715,11.532439,8.486608722315664,2.017342074261628
month_expanded_2025,train,SYG1_10LBC01CT101,超高压缸A侧排汽垂直管温度,Y1_VHP本体,43521,382.17133,441.98453,416.1516936083729,5.851974603734237
month_expanded_2025,train,SYG1_10LBC02CT101,超高压缸B侧排汽垂直管温度,Y1_VHP本体,43521,385.5595,444.4781,418.9599840233451,5.84714620813879
month_expanded_2025,train,SYG1_10LBQ10CP101,一级抽汽口压力,Y2_一级抽汽接口,43521,3.2530513,11.345398,8.361331013444085,1.984717302760294
month_expanded_2025,train,SYG1_10LBQ10CT101A,一级抽汽口温度,Y2_一级抽汽接口,43521,385.685,443.5484,418.32262343742104,5.711814848972893
month_expanded_2025,train,SYG1_10LBQ10CT102,一级抽汽逆止门前水平管管顶温度,Y2_一级抽汽接口,43521,383.3345,439.82278,415.23935666781546,5.6224183924218805
month_expanded_2025,train,SYG1_10LBQ10CT103,一级抽汽逆止门前水平管管底温度,Y2_一级抽汽接口,43521,384.16205,440.4991,415.9834606226879,5.653606768395131
month_expanded_2025,train,SYG1_10LBQ10CT104,一级抽汽逆止门后水平管管顶温度,Y2_一级抽汽接口,43521,384.49744,440.54346,416.04805092461106,5.540161356014494
month_expanded_2025,train,SYG1_10LBQ10CT105,一级抽汽逆止门后水平管管底温度,Y2_一级抽汽接口,43521,383.87134,439.77847,415.4996695569955,5.582251735146198
month_expanded_2025,train,SYG1_10LBQ10CP102,1号高加入口抽汽压力,Y2_一级抽汽接口,43521,3.31073,11.163208,8.310788843686955,1.926819370417508
month_expanded_2025,train,SYG1_10LBQ10CT106,1号高加入口抽汽温度,Y2_一级抽汽接口,43521,383.47986,438.81375,414.69843155488155,5.422578051800528
month_expanded_2025,train,SYG1_10LBC20CT101,一次低温再热逆止阀前母管管底温度,Y3_VHP至RH1接口,43521,385.7608,442.22842,417.4479913170654,5.6944115394389385
month_expanded_2025,train,SYG1_10LBC20CT103,一次低温再热逆止阀后水平管管顶温度,Y3_VHP至RH1接口,43521,384.59814,441.3638,416.55053228832054,5.726983338704302
month_expanded_2025,train,SYG1_10LBC20CT104,一次低温再热逆止阀后水平管管底温度,Y3_VHP至RH1接口,43521,388.21948,443.36987,419.1831578477058,5.615137197947631
month_expanded_2025,train,SYG1_10MAA50CT111A,超高压内缸壁温90%处#1,Y4_VHP缸体与内部蒸汽,43521,542.21844,595.8546,577.902963054847,4.5312825793300116
month_expanded_2025,train,SYG1_10MAA50CT112A,超高压内缸壁温90%处#2,Y4_VHP缸体与内部蒸汽,43521,546.23584,606.1877,585.4299721968705,4.883105590415096
month_expanded_2025,train,SYG1_10MAA50CT131A,超高压缸蒸汽温度100%,Y4_VHP缸体与内部蒸汽,43521,500.14062,545.94965,528.4068162133223,5.457420162425414
month_expanded_2025,train,SYG1_10MAA50CT132A,超高压缸蒸汽温度50%,Y4_VHP缸体与内部蒸汽,43521,510.45465,540.4134,527.8171305059626,4.709469117648561
month_expanded_2025,train,SYG1_10MAA50CT151A,超高压缸中部上半汽缸温度50%,Y4_VHP缸体与内部蒸汽,43521,507.535,537.0673,524.5799550656005,4.808195806928586
month_expanded_2025,train,SYG1_10MAA50CT152A,超高压缸中部下半汽缸温度50%,Y4_VHP缸体与内部蒸汽,43521,507.8215,537.21045,524.8000649263573,4.585146062178106
month_expanded_2025,train,SYG1_10MAL41CT101A,#1抽汽逆止门前疏水阀后温度,Y5_疏水热状态,43521,28.13944,38.89688,33.70325478628708,1.703566844241617
month_expanded_2025,train,SYG1_10MAL67CT101A,超高压冷再热逆止阀前疏水阀后温度,Y5_疏水热状态,43521,25.329216,36.579197,30.95542663720962,1.7181488659909872
month_expanded_2025,test,SYG1_10MAA50CP101,超高压缸叶片级压力#1,Y1_VHP本体,40603,6.7364497,23.941496,16.62550844841514,4.785705355261763
month_expanded_2025,test,SYG1_10MAA50CP102,超高压缸叶片级压力#2,Y1_VHP本体,40603,6.738739,23.934631,16.627776806524146,4.784495549061997
month_expanded_2025,test,SYG1_10MAA50CP103,超高压缸叶片级压力#3,Y1_VHP本体,40603,6.734161,23.927765,16.626791512144422,4.784029509438535
month_expanded_2025,test,SYG1_10MAA50CT121A,超高压排汽蒸汽温度#1,Y1_VHP本体,40603,383.77295,439.0256,416.52627613156665,6.044764400723455
month_expanded_2025,test,SYG1_10MAA50CT122A,超高压排汽蒸汽温度#2,Y1_VHP本体,40603,381.70404,437.3069,414.6835951754796,5.961805445315113
month_expanded_2025,test,SYG1_10MAA50CT123A,超高压排汽蒸汽温度#3,Y1_VHP本体,40603,381.21173,436.91864,413.9910791476,6.010354879702384
month_expanded_2025,test,SYG1_10LBC01CP101,超高压缸A侧排汽垂直管压力,Y1_VHP本体,40603,3.2251737,11.4660635,8.02369671227003,2.3269759464488766
month_expanded_2025,test,SYG1_10LBC02CP101,超高压缸B侧排汽垂直管压力,Y1_VHP本体,40603,3.2572174,11.574783,8.101920590658326,2.348125682380102
month_expanded_2025,test,SYG1_10LBC01CT101,超高压缸A侧排汽垂直管温度,Y1_VHP本体,40603,383.4686,442.47235,415.21822010294807,6.9262976612975855
month_expanded_2025,test,SYG1_10LBC02CT101,超高压缸B侧排汽垂直管温度,Y1_VHP本体,40603,386.85605,444.9657,418.1662733780756,6.875620806899411
month_expanded_2025,test,SYG1_10LBQ10CP101,一级抽汽口压力,Y2_一级抽汽接口,40603,3.2127686,11.384766,7.977708849257443,2.308754676946846
month_expanded_2025,test,SYG1_10LBQ10CT101A,一级抽汽口温度,Y2_一级抽汽接口,40603,386.065,444.2244,417.56056276703697,6.740900547439583
month_expanded_2025,test,SYG1_10LBQ10CT102,一级抽汽逆止门前水平管管顶温度,Y2_一级抽汽接口,40603,383.3232,440.45486,414.448214327759,6.651752675934748
month_expanded_2025,test,SYG1_10LBQ10CT103,一级抽汽逆止门前水平管管底温度,Y2_一级抽汽接口,40603,384.15073,441.41934,415.15492962983024,6.705274801865507
month_expanded_2025,test,SYG1_10LBQ10CT104,一级抽汽逆止门后水平管管顶温度,Y2_一级抽汽接口,40603,383.9047,441.03134,415.26250076792365,6.57379003128801
month_expanded_2025,test,SYG1_10LBQ10CT105,一级抽汽逆止门后水平管管底温度,Y2_一级抽汽接口,40603,383.71463,440.6988,414.6882457823314,6.6409685521924615
month_expanded_2025,test,SYG1_10LBQ10CP102,1号高加入口抽汽压力,Y2_一级抽汽接口,40603,3.2704465,11.192504,7.935819966278354,2.2448081131889013
month_expanded_2025,test,SYG1_10LBQ10CT106,1号高加入口抽汽温度,Y2_一级抽汽接口,40603,382.30542,439.44592,413.967415439007,6.455696911526793
month_expanded_2025,test,SYG1_10LBC20CT101,一次低温再热逆止阀前母管管底温度,Y3_VHP至RH1接口,40603,385.41418,442.8603,416.39722072753256,6.752003452901912
month_expanded_2025,test,SYG1_10LBC20CT103,一次低温再热逆止阀后水平管管顶温度,Y3_VHP至RH1接口,40603,384.68747,441.99576,415.71184214466916,6.750401390053907
month_expanded_2025,test,SYG1_10LBC20CT104,一次低温再热逆止阀后水平管管底温度,Y3_VHP至RH1接口,40603,387.6271,444.4781,418.3174318914859,6.634081983173818
month_expanded_2025,test,SYG1_10MAA50CT111A,超高压内缸壁温90%处#1,Y4_VHP缸体与内部蒸汽,40603,546.64276,590.498,576.6247485047902,5.602587266562629
month_expanded_2025,test,SYG1_10MAA50CT112A,超高压内缸壁温90%处#2,Y4_VHP缸体与内部蒸汽,40603,553.09247,599.7244,584.3186505979854,5.954566839271907
month_expanded_2025,test,SYG1_10MAA50CT131A,超高压缸蒸汽温度100%,Y4_VHP缸体与内部蒸汽,40603,500.12946,547.17114,527.6980596335247,6.707833839880439
month_expanded_2025,test,SYG1_10MAA50CT132A,超高压缸蒸汽温度50%,Y4_VHP缸体与内部蒸汽,40603,502.1795,541.98737,527.1357593655641,6.002305510155724
month_expanded_2025,test,SYG1_10MAA50CT151A,超高压缸中部上半汽缸温度50%,Y4_VHP缸体与内部蒸汽,40603,499.931,538.31116,523.8632314429968,6.1358726699679185
month_expanded_2025,test,SYG1_10MAA50CT152A,超高压缸中部下半汽缸温度50%,Y4_VHP缸体与内部蒸汽,40603,498.49802,538.02496,524.1457816828806,5.935073645138264
month_expanded_2025,test,SYG1_10MAL41CT101A,#1抽汽逆止门前疏水阀后温度,Y5_疏水热状态,40603,24.427523,36.081066,30.651696864911465,2.2099095312110726
month_expanded_2025,test,SYG1_10MAL67CT101A,超高压冷再热逆止阀前疏水阀后温度,Y5_疏水热状态,40603,21.56163,34.019306,27.204995580301947,2.4621880873679585
10d300d_expanded_2024,train,SYG1_10MAA50CP101,超高压缸叶片级压力#1,Y1_VHP本体,14400,6.576,22.708,15.365750902777778,4.9121656068935415
10d300d_expanded_2024,train,SYG1_10MAA50CP102,超高压缸叶片级压力#2,Y1_VHP本体,14400,6.592,22.696,15.366826111111113,4.911279966768833
10d300d_expanded_2024,train,SYG1_10MAA50CP103,超高压缸叶片级压力#3,Y1_VHP本体,14400,6.579,22.696,15.366073333333334,4.911217613355504
10d300d_expanded_2024,train,SYG1_10MAA50CT121A,超高压排汽蒸汽温度#1,Y1_VHP本体,14400,395.436,424.853,413.3387522222222,4.077425224567523
10d300d_expanded_2024,train,SYG1_10MAA50CT122A,超高压排汽蒸汽温度#2,Y1_VHP本体,14400,392.344,421.919,410.24184104166665,4.07150766914918
10d300d_expanded_2024,train,SYG1_10MAA50CT123A,超高压排汽蒸汽温度#3,Y1_VHP本体,14400,393.315,423.219,411.7936089583333,4.016483083953378
10d300d_expanded_2024,train,SYG1_10LBC01CP101,超高压缸A侧排汽垂直管压力,Y1_VHP本体,14400,3.177,10.9,7.449750625,2.3953415026111733
10d300d_expanded_2024,train,SYG1_10LBC02CP101,超高压缸B侧排汽垂直管压力,Y1_VHP本体,14400,3.186,10.961,7.490850138888889,2.410337638442309
10d300d_expanded_2024,train,SYG1_10LBC01CT101,超高压缸A侧排汽垂直管温度,Y1_VHP本体,14400,393.335,426.095,412.9837283333333,4.203125285239478
10d300d_expanded_2024,train,SYG1_10LBC02CT101,超高压缸B侧排汽垂直管温度,Y1_VHP本体,14400,396.326,429.216,415.8685634027778,4.219940644594041
10d300d_expanded_2024,train,SYG1_10LBQ10CP101,一级抽汽口压力,Y2_一级抽汽接口,14400,3.154,10.821,7.399663194444444,2.378889973555784
10d300d_expanded_2024,train,SYG1_10LBQ10CT101A,一级抽汽口温度,Y2_一级抽汽接口,14400,397.032,428.662,415.5969381944445,4.10490308512435
10d300d_expanded_2024,train,SYG1_10LBQ10CT102,一级抽汽逆止门前水平管管顶温度,Y2_一级抽汽接口,14400,393.759,424.251,412.27106972222225,4.0520034287408615
10d300d_expanded_2024,train,SYG1_10LBQ10CT103,一级抽汽逆止门前水平管管底温度,Y2_一级抽汽接口,14400,394.44,425.173,412.3792872916666,4.092011061749148
10d300d_expanded_2024,train,SYG1_10LBQ10CT104,一级抽汽逆止门后水平管管顶温度,Y2_一级抽汽接口,14400,394.34,423.629,411.9506465972222,3.978397371783619
10d300d_expanded_2024,train,SYG1_10LBQ10CT105,一级抽汽逆止门后水平管管底温度,Y2_一级抽汽接口,14400,393.715,424.307,411.77699777777775,4.0764514817486335
10d300d_expanded_2024,train,SYG1_10LBQ10CP102,1号高加入口抽汽压力,Y2_一级抽汽接口,14400,3.194,10.637,7.353627569444444,2.315876668175199
10d300d_expanded_2024,train,SYG1_10LBQ10CT106,1号高加入口抽汽温度,Y2_一级抽汽接口,14400,394.485,423.818,412.1746515972222,3.9459696818140984
10d300d_expanded_2024,train,SYG1_10LBC20CT101,一次低温再热逆止阀前母管管底温度,Y3_VHP至RH1接口,14400,395.903,426.629,414.30763243055554,4.092136573300736
10d300d_expanded_2024,train,SYG1_10LBC20CT103,一次低温再热逆止阀后水平管管顶温度,Y3_VHP至RH1接口,14400,395.177,426.095,413.4845890277778,4.088051350819259
10d300d_expanded_2024,train,SYG1_10LBC20CT104,一次低温再热逆止阀后水平管管底温度,Y3_VHP至RH1接口,14400,398.547,427.817,416.1920721527778,4.019520344190762
10d300d_expanded_2024,train,SYG1_10MAA50CT111A,超高压内缸壁温90%处#1,Y4_VHP缸体与内部蒸汽,14400,550.594,587.082,570.672145,5.169262432339035
10d300d_expanded_2024,train,SYG1_10MAA50CT112A,超高压内缸壁温90%处#2,Y4_VHP缸体与内部蒸汽,14400,559.091,598.931,583.933005,6.1781880072245965
10d300d_expanded_2024,train,SYG1_10MAA50CT131A,超高压缸蒸汽温度100%,Y4_VHP缸体与内部蒸汽,14400,507.557,536.187,525.0717973611112,5.049100700542156
10d300d_expanded_2024,train,SYG1_10MAA50CT132A,超高压缸蒸汽温度50%,Y4_VHP缸体与内部蒸汽,14400,511.138,534.041,524.5430614583333,4.429069044209591
10d300d_expanded_2024,train,SYG1_10MAA50CT151A,超高压缸中部上半汽缸温度50%,Y4_VHP缸体与内部蒸汽,14400,508.218,530.98,521.519768125,4.523182368525762
10d300d_expanded_2024,train,SYG1_10MAA50CT152A,超高压缸中部下半汽缸温度50%,Y4_VHP缸体与内部蒸汽,14400,509.265,531.267,521.7561759027778,4.300370443341017
10d300d_expanded_2024,train,SYG1_10MAL41CT101A,#1抽汽逆止门前疏水阀后温度,Y5_疏水热状态,14400,23.226,36.649,26.778495555555555,2.2132357899206765
10d300d_expanded_2024,train,SYG1_10MAL67CT101A,超高压冷再热逆止阀前疏水阀后温度,Y5_疏水热状态,14400,26.925,62.953,31.389395486111113,4.760334462636022
10d300d_expanded_2024,test,SYG1_10MAA50CP101,超高压缸叶片级压力#1,Y1_VHP本体,384999,6.205,23.681,14.576473063566397,4.348692532291536
10d300d_expanded_2024,test,SYG1_10MAA50CP102,超高压缸叶片级压力#2,Y1_VHP本体,384999,6.203,23.703,14.580593123618502,4.347758922043581
10d300d_expanded_2024,test,SYG1_10MAA50CP103,超高压缸叶片级压力#3,Y1_VHP本体,384999,6.224,23.678,14.58079876830849,4.347681308089161
10d300d_expanded_2024,test,SYG1_10MAA50CT121A,超高压排汽蒸汽温度#1,Y1_VHP本体,384999,330.051,440.589,413.1532561720939,5.281710016633478
10d300d_expanded_2024,test,SYG1_10MAA50CT122A,超高压排汽蒸汽温度#2,Y1_VHP本体,384999,331.327,438.604,410.8242582292421,5.280776857790977
10d300d_expanded_2024,test,SYG1_10MAA50CT123A,超高压排汽蒸汽温度#3,Y1_VHP本体,384999,330.389,438.482,411.0191602601565,5.271400230934073
10d300d_expanded_2024,test,SYG1_10LBC01CP101,超高压缸A侧排汽垂直管压力,Y1_VHP本体,384999,2.869,11.417,7.055946529731246,2.1200894834537323
10d300d_expanded_2024,test,SYG1_10LBC02CP101,超高压缸B侧排汽垂直管压力,Y1_VHP本体,384999,2.888,11.513,7.10992212707046,2.136167735790164
10d300d_expanded_2024,test,SYG1_10LBC01CT101,超高压缸A侧排汽垂直管温度,Y1_VHP本体,384999,331.978,443.869,412.12579745401933,5.4843429374038735
10d300d_expanded_2024,test,SYG1_10LBC02CT101,超高压缸B侧排汽垂直管温度,Y1_VHP本体,384999,334.077,445.786,414.8286181990083,5.502613333220512
10d300d_expanded_2024,test,SYG1_10LBQ10CP101,一级抽汽口压力,Y2_一级抽汽接口,384999,2.838,11.335,7.0121889537375415,2.1052838120675172
10d300d_expanded_2024,test,SYG1_10LBQ10CT101A,一级抽汽口温度,Y2_一级抽汽接口,384999,333.426,445.055,414.67050966106405,5.3916407449405614
10d300d_expanded_2024,test,SYG1_10LBQ10CT102,一级抽汽逆止门前水平管管顶温度,Y2_一级抽汽接口,384999,328.669,441.962,411.30752244031805,5.33843242945252
10d300d_expanded_2024,test,SYG1_10LBQ10CT103,一级抽汽逆止门前水平管管底温度,Y2_一级抽汽接口,384999,329.697,442.738,411.860219769402,5.361730916276195
10d300d_expanded_2024,test,SYG1_10LBQ10CT104,一级抽汽逆止门后水平管管顶温度,Y2_一级抽汽接口,384999,329.109,442.106,411.51895812976136,5.308200169686029
10d300d_expanded_2024,test,SYG1_10LBQ10CT105,一级抽汽逆止门后水平管管底温度,Y2_一级抽汽接口,384999,329.55,441.729,411.3889388180229,5.357459166654501
10d300d_expanded_2024,test,SYG1_10LBQ10CP102,1号高加入口抽汽压力,Y2_一级抽汽接口,384999,2.92,11.165,6.988655817287838,2.0516829400359056
10d300d_expanded_2024,test,SYG1_10LBQ10CT106,1号高加入口抽汽温度,Y2_一级抽汽接口,384999,329.109,440.953,411.26585994249336,5.2596580256584815
10d300d_expanded_2024,test,SYG1_10LBC20CT101,一次低温再热逆止阀前母管管底温度,Y3_VHP至RH1接口,384999,329.392,443.47,413.21898371943826,5.3840570141135835
10d300d_expanded_2024,test,SYG1_10LBC20CT103,一次低温再热逆止阀后水平管管顶温度,Y3_VHP至RH1接口,384999,329.245,442.605,412.5016706199237,5.380359305337375
10d300d_expanded_2024,test,SYG1_10LBC20CT104,一次低温再热逆止阀后水平管管底温度,Y3_VHP至RH1接口,384999,329.911,445.231,415.26954284037106,5.305816347031988
10d300d_expanded_2024,test,SYG1_10MAA50CT111A,超高压内缸壁温90%处#1,Y4_VHP缸体与内部蒸汽,384999,470.457,599.052,571.006641630238,6.105015000412379
10d300d_expanded_2024,test,SYG1_10MAA50CT112A,超高压内缸壁温90%处#2,Y4_VHP缸体与内部蒸汽,384999,476.874,610.778,582.0531288107242,6.5808396358977985
10d300d_expanded_2024,test,SYG1_10MAA50CT131A,超高压缸蒸汽温度100%,Y4_VHP缸体与内部蒸汽,384999,388.836,547.072,523.7548677295266,6.018218064515838
10d300d_expanded_2024,test,SYG1_10MAA50CT132A,超高压缸蒸汽温度50%,Y4_VHP缸体与内部蒸汽,384999,350.362,542.185,523.2687269525375,6.080648382834943
10d300d_expanded_2024,test,SYG1_10MAA50CT151A,超高压缸中部上半汽缸温度50%,Y4_VHP缸体与内部蒸汽,384999,349.72,539.268,519.9639390491923,6.192133006293832
10d300d_expanded_2024,test,SYG1_10MAA50CT152A,超高压缸中部下半汽缸温度50%,Y4_VHP缸体与内部蒸汽,384999,340.937,540.985,520.2249771921486,6.274921914233613
10d300d_expanded_2024,test,SYG1_10MAL41CT101A,#1抽汽逆止门前疏水阀后温度,Y5_疏水热状态,384999,15.894,313.026,31.28622123953569,14.082847377560741
10d300d_expanded_2024,test,SYG1_10MAL67CT101A,超高压冷再热逆止阀前疏水阀后温度,Y5_疏水热状态,384999,21.042,275.863,43.30671562004057,15.619724748724474
10d200d_expanded_2025,train,SYG1_10MAA50CP101,超高压缸叶片级压力#1,Y1_VHP本体,14023,7.0408626,23.186186,16.84248955791913,3.58069601142054
10d200d_expanded_2025,train,SYG1_10MAA50CP102,超高压缸叶片级压力#2,Y1_VHP本体,14023,7.038574,23.193052,16.845115412821794,3.5794072486955666
10d200d_expanded_2025,train,SYG1_10MAA50CP103,超高压缸叶片级压力#3,Y1_VHP本体,14023,7.0431514,23.17932,16.845481183612637,3.5792398379597916
10d200d_expanded_2025,train,SYG1_10MAA50CT121A,超高压排汽蒸汽温度#1,Y1_VHP本体,14023,399.4965,435.0659,416.8607489752549,4.3073636669205495
10d200d_expanded_2025,train,SYG1_10MAA50CT122A,超高压排汽蒸汽温度#2,Y1_VHP本体,14023,397.43304,433.44614,415.08345981530346,4.286694626598619
10d200d_expanded_2025,train,SYG1_10MAA50CT123A,超高压排汽蒸汽温度#3,Y1_VHP本体,14023,397.08707,432.23648,414.30482552021675,4.299315822245243
10d200d_expanded_2025,train,SYG1_10LBC01CP101,超高压缸A侧排汽垂直管压力,Y1_VHP本体,14023,3.3750913,11.254349,8.216054168672896,1.7637384648791268
10d200d_expanded_2025,train,SYG1_10LBC02CP101,超高压缸B侧排汽垂直管压力,Y1_VHP本体,14023,3.4025574,11.343613,8.288038090865006,1.779083701255446
10d200d_expanded_2025,train,SYG1_10LBC01CT101,超高压缸A侧排汽垂直管温度,Y1_VHP本体,14023,397.30804,439.33487,415.21398559580683,4.798905298922197
10d200d_expanded_2025,train,SYG1_10LBC02CT101,超高压缸B侧排汽垂直管温度,Y1_VHP本体,14023,401.02213,441.87354,417.9438914519004,4.814121238244917
10d200d_expanded_2025,train,SYG1_10LBQ10CP101,一级抽汽口压力,Y2_一级抽汽接口,14023,3.3555906,11.178772,8.170589887834273,1.751088364694773
10d200d_expanded_2025,train,SYG1_10LBQ10CT101A,一级抽汽口温度,Y2_一级抽汽接口,14023,400.3776,440.51126,417.33940676745345,4.696638015569145
10d200d_expanded_2025,train,SYG1_10LBQ10CT102,一级抽汽逆止门前水平管管顶温度,Y2_一级抽汽接口,14023,397.8882,437.21677,414.2883371824859,4.625539272651669
10d200d_expanded_2025,train,SYG1_10LBQ10CT103,一级抽汽逆止门前水平管管底温度,Y2_一级抽汽接口,14023,398.85873,438.18164,415.05765209085075,4.65403255049206
10d200d_expanded_2025,train,SYG1_10LBQ10CT104,一级抽汽逆止门后水平管管顶温度,Y2_一级抽汽接口,14023,398.75827,437.79346,415.11815173714604,4.576760236810398
10d200d_expanded_2025,train,SYG1_10LBQ10CT105,一级抽汽逆止门后水平管管底温度,Y2_一级抽汽接口,14023,398.42368,437.60492,414.60560168081014,4.60747848150043
10d200d_expanded_2025,train,SYG1_10LBQ10CP102,1号高加入口抽汽压力,Y2_一级抽汽接口,14023,3.4050293,10.994751,8.12873594803537,1.7024724715991235
10d200d_expanded_2025,train,SYG1_10LBQ10CT106,1号高加入口抽汽温度,Y2_一级抽汽接口,14023,397.59814,436.3516,413.8183083006489,4.511810846065054
10d200d_expanded_2025,train,SYG1_10LBC20CT101,一次低温再热逆止阀前母管管底温度,Y3_VHP至RH1接口,14023,400.69888,439.14642,416.56328028453254,4.64972034816504
10d200d_expanded_2025,train,SYG1_10LBC20CT103,一次低温再热逆止阀后水平管管顶温度,Y3_VHP至RH1接口,14023,399.53912,438.42566,415.55411510874995,4.689581859148666
10d200d_expanded_2025,train,SYG1_10LBC20CT104,一次低温再热逆止阀后水平管管底温度,Y3_VHP至RH1接口,14023,403.15152,440.04437,418.1819026435142,4.57372001031276
10d200d_expanded_2025,train,SYG1_10MAA50CT111A,超高压内缸壁温90%处#1,Y4_VHP缸体与内部蒸汽,14023,557.6601,588.1949,577.7597489082223,4.001464557416209
10d200d_expanded_2025,train,SYG1_10MAA50CT112A,超高压内缸壁温90%处#2,Y4_VHP缸体与内部蒸汽,14023,562.9217,597.08923,585.0356927811453,4.359607011997358
10d200d_expanded_2025,train,SYG1_10MAA50CT131A,超高压缸蒸汽温度100%,Y4_VHP缸体与内部蒸汽,14023,511.44592,542.69165,527.0839481993867,4.302686344509944
10d200d_expanded_2025,train,SYG1_10MAA50CT132A,超高压缸蒸汽温度50%,Y4_VHP缸体与内部蒸汽,14023,514.8825,539.11456,526.5153555223561,3.6530041872189383
10d200d_expanded_2025,train,SYG1_10MAA50CT151A,超高压缸中部上半汽缸温度50%,Y4_VHP缸体与内部蒸汽,14023,510.81796,535.9115,523.2560252620694,3.76829930002485
10d200d_expanded_2025,train,SYG1_10MAA50CT152A,超高压缸中部下半汽缸温度50%,Y4_VHP缸体与内部蒸汽,14023,511.3908,535.9115,523.5262357626756,3.633675751277565
10d200d_expanded_2025,train,SYG1_10MAL41CT101A,#1抽汽逆止门前疏水阀后温度,Y5_疏水热状态,14023,30.557798,38.178177,33.57495669500107,1.51846028281257
10d200d_expanded_2025,train,SYG1_10MAL67CT101A,超高压冷再热逆止阀前疏水阀后温度,Y5_疏水热状态,14023,27.780777,34.7604,30.77371582828211,1.4559276935284549
10d200d_expanded_2025,test,SYG1_10MAA50CP101,超高压缸叶片级压力#1,Y1_VHP本体,259566,6.1734004,24.039917,15.257878878121941,4.968893589736951
10d200d_expanded_2025,test,SYG1_10MAA50CP102,超高压缸叶片级压力#2,Y1_VHP本体,259566,6.1825557,24.042206,15.260649288097053,4.967553285738364
10d200d_expanded_2025,test,SYG1_10MAA50CP103,超高压缸叶片级压力#3,Y1_VHP本体,259566,6.1825557,24.037626,15.262947255258007,4.967066788195674
10d200d_expanded_2025,test,SYG1_10MAA50CT121A,超高压排汽蒸汽温度#1,Y1_VHP本体,259566,330.20874,439.49112,415.6644250852962,5.333257765827034
10d200d_expanded_2025,test,SYG1_10MAA50CT122A,超高压排汽蒸汽温度#2,Y1_VHP本体,259566,328.89868,437.58398,413.9442583976715,5.26477136826223
10d200d_expanded_2025,test,SYG1_10MAA50CT123A,超高压排汽蒸汽温度#3,Y1_VHP本体,259566,327.96094,437.67267,413.2582597582118,5.29231109242587
10d200d_expanded_2025,test,SYG1_10LBC01CP101,超高压缸A侧排汽垂直管压力,Y1_VHP本体,259566,3.0065916,11.4660635,7.362709976915697,2.4221256379244513
10d200d_expanded_2025,test,SYG1_10LBC02CP101,超高压缸B侧排汽垂直管压力,Y1_VHP本体,259566,3.0397794,11.574783,7.437131800888406,2.4442267653876097
10d200d_expanded_2025,test,SYG1_10LBC01CT101,超高压缸A侧排汽垂直管温度,Y1_VHP本体,259566,327.991,442.68262,414.14688687012165,5.884015738199797
10d200d_expanded_2025,test,SYG1_10LBC02CT101,超高压缸B侧排汽垂直管温度,Y1_VHP本体,259566,331.45834,445.22025,417.05864592708593,5.8215084402225274
10d200d_expanded_2025,test,SYG1_10LBQ10CP101,一级抽汽口压力,Y2_一级抽汽接口,259566,2.9976199,11.384766,7.321986104594978,2.4040557715569872
10d200d_expanded_2025,test,SYG1_10LBQ10CT101A,一级抽汽口温度,Y2_一级抽汽接口,259566,331.73315,444.2244,416.62153185760076,5.707784078125438
10d200d_expanded_2025,test,SYG1_10LBQ10CT102,一级抽汽逆止门前水平管管顶温度,Y2_一级抽汽接口,259566,328.7705,440.45486,413.439692741114,5.637986736607791
10d200d_expanded_2025,test,SYG1_10LBQ10CT103,一级抽汽逆止门前水平管管底温度,Y2_一级抽汽接口,259566,329.3127,441.41934,414.11892114075033,5.67602489776494
10d200d_expanded_2025,test,SYG1_10LBQ10CT104,一级抽汽逆止门后水平管管顶温度,Y2_一级抽汽接口,259566,329.79837,441.03134,414.29130226046556,5.579652083236912
10d200d_expanded_2025,test,SYG1_10LBQ10CT105,一级抽汽逆止门后水平管管底温度,Y2_一级抽汽接口,259566,329.01904,440.6988,413.72979221146073,5.615899476375004
10d200d_expanded_2025,test,SYG1_10LBQ10CP102,1号高加入口抽汽压力,Y2_一级抽汽接口,259566,2.9188845,11.192504,7.293265816595394,2.342955729641118
10d200d_expanded_2025,test,SYG1_10LBQ10CT106,1号高加入口抽汽温度,Y2_一级抽汽接口,259566,290.93478,439.44592,413.08564946580066,5.512561846549518
10d200d_expanded_2025,test,SYG1_10LBC20CT101,一次低温再热逆止阀前母管管底温度,Y3_VHP至RH1接口,259566,330.00174,442.8603,415.271155737115,5.733214763182425
10d200d_expanded_2025,test,SYG1_10LBC20CT103,一次低温再热逆止阀后水平管管顶温度,Y3_VHP至RH1接口,259566,329.41443,441.99576,414.69485508452567,5.70478024173651
10d200d_expanded_2025,test,SYG1_10LBC20CT104,一次低温再热逆止阀后水平管管底温度,Y3_VHP至RH1接口,259566,332.82428,444.4781,417.3211481746454,5.601594858722161
10d200d_expanded_2025,test,SYG1_10MAA50CT111A,超高压内缸壁温90%处#1,Y4_VHP缸体与内部蒸汽,259566,475.35056,595.8546,575.9072577102547,6.183945873577489
10d200d_expanded_2025,test,SYG1_10MAA50CT112A,超高压内缸壁温90%处#2,Y4_VHP缸体与内部蒸汽,259566,477.94565,606.1877,583.4574185120548,6.582795399001657
10d200d_expanded_2025,test,SYG1_10MAA50CT131A,超高压缸蒸汽温度100%,Y4_VHP缸体与内部蒸汽,259566,429.12848,547.17114,525.8718072442463,6.337451736643292
10d200d_expanded_2025,test,SYG1_10MAA50CT132A,超高压缸蒸汽温度50%,Y4_VHP缸体与内部蒸汽,259566,386.84747,541.98737,525.2245130038218,6.151631536962756
10d200d_expanded_2025,test,SYG1_10MAA50CT151A,超高压缸中部上半汽缸温度50%,Y4_VHP缸体与内部蒸汽,259566,388.0543,538.31116,521.7868624428083,6.310298059899832
10d200d_expanded_2025,test,SYG1_10MAA50CT152A,超高压缸中部下半汽缸温度50%,Y4_VHP缸体与内部蒸汽,259566,364.91113,538.02496,522.336337781258,6.278155323579573
10d200d_expanded_2025,test,SYG1_10MAL41CT101A,#1抽汽逆止门前疏水阀后温度,Y5_疏水热状态,259566,14.831694,57.210854,25.097492153652635,5.275263019187165
10d200d_expanded_2025,test,SYG1_10MAL67CT101A,超高压冷再热逆止阀前疏水阀后温度,Y5_疏水热状态,259566,11.880001,36.579197,21.685762771834526,5.302624981639543
