device,stage,model,graph,seed,label_fraction,shuffle_labels,hidden,head_hidden,dropout,learning_rate,finetune_encoder,test,best_val_macro_f1,best_epoch,pretrain_val_mse,accuracy,macro_precision,macro_recall,macro_f1
H2,final,AE,KG,101,1,False,32,96,0.05,0.0015,False,iid,0.9930432474613508,27,0.1888564974069595,0.9982638888888888,0.9982758620689656,0.9982638888888888,0.998263867957513
H2,final,AE,KG,101,1,False,32,96,0.05,0.0015,False,ood_profile,0.9930432474613508,27,0.1888564974069595,0.9670138888888888,0.9694631016963748,0.9670138888888888,0.9670541326662634
H2,final,AE,KG,101,1,False,32,96,0.05,0.0015,False,weak,0.9930432474613508,27,0.1888564974069595,0.5642361111111112,0.8227321455574518,0.5642361111111112,0.574763650733308
H2,final,AE,KG,123,1,False,32,96,0.05,0.0015,False,iid,0.9913073251777996,30,0.1873963773250579,0.9947916666666666,0.9948512045347188,0.9947916666666666,0.9947792312184828
H2,final,AE,KG,123,1,False,32,96,0.05,0.0015,False,ood_profile,0.9913073251777996,30,0.1873963773250579,0.9444444444444444,0.9505763479449714,0.9444444444444444,0.9441670905549694
H2,final,AE,KG,123,1,False,32,96,0.05,0.0015,False,weak,0.9913073251777996,30,0.1873963773250579,0.5902777777777778,0.8224052319390169,0.5902777777777778,0.6035439318642105
H2,final,AE,KG,202,1,False,32,96,0.05,0.0015,False,iid,0.9878040372139456,11,0.1982035189867019,0.9965277777777778,0.9965753424657534,0.9965277777777778,0.9965276103207138
H2,final,AE,KG,202,1,False,32,96,0.05,0.0015,False,ood_profile,0.9878040372139456,11,0.1982035189867019,0.9565972222222222,0.9617304835781482,0.9565972222222222,0.9565152883583772
H2,final,AE,KG,202,1,False,32,96,0.05,0.0015,False,weak,0.9878040372139456,11,0.1982035189867019,0.5694444444444444,0.8252396455055163,0.5694444444444444,0.5786949573028833
H2,final,CNN,KG,101,1,False,32,96,0.05,0.0015,False,iid,0.998263867957513,22,,1.0,1.0,1.0,1.0
H2,final,CNN,KG,101,1,False,32,96,0.05,0.0015,False,ood_profile,0.998263867957513,22,,0.9965277777777778,0.9965753424657534,0.9965277777777778,0.9965276103207138
H2,final,CNN,KG,101,1,False,32,96,0.05,0.0015,False,weak,0.998263867957513,22,,0.5121527777777778,0.8258143859859619,0.5121527777777777,0.5032047731764904
H2,final,CNN,KG,123,1,False,32,96,0.05,0.0015,False,iid,1.0,29,,1.0,1.0,1.0,1.0
H2,final,CNN,KG,123,1,False,32,96,0.05,0.0015,False,ood_profile,1.0,29,,0.9982638888888888,0.9982758620689656,0.9982638888888888,0.998263867957513
H2,final,CNN,KG,123,1,False,32,96,0.05,0.0015,False,weak,1.0,29,,0.4809027777777778,0.828322963800905,0.4809027777777778,0.4569857058553921
H2,final,CNN,KG,202,1,False,32,96,0.05,0.0015,False,iid,1.0,15,,1.0,1.0,1.0,1.0
H2,final,CNN,KG,202,1,False,32,96,0.05,0.0015,False,ood_profile,1.0,15,,0.9947916666666666,0.9948979591836736,0.9947916666666666,0.9947911014650028
H2,final,CNN,KG,202,1,False,32,96,0.05,0.0015,False,weak,1.0,15,,0.5173611111111112,0.8293851717902351,0.5173611111111112,0.5112582958231837
H2,final,GCN-NodeAware,Corr,101,1,False,32,96,0.05,0.0015,False,iid,0.998263867957513,11,0.417616069316864,1.0,1.0,1.0,1.0
H2,final,GCN-NodeAware,Corr,101,1,False,32,96,0.05,0.0015,False,ood_profile,0.998263867957513,11,0.417616069316864,0.9618055555555556,0.9664457070707072,0.9618055555555556,0.9617458010694696
H2,final,GCN-NodeAware,Corr,101,1,False,32,96,0.05,0.0015,False,weak,0.998263867957513,11,0.417616069316864,0.53125,0.8163809044400157,0.53125,0.5292750647426385
H2,final,GCN-NodeAware,Corr,123,1,False,32,96,0.05,0.0015,False,iid,0.998263867957513,18,0.4295730292797088,1.0,1.0,1.0,1.0
H2,final,GCN-NodeAware,Corr,123,1,False,32,96,0.05,0.0015,False,ood_profile,0.998263867957513,18,0.4295730292797088,0.9878472222222222,0.9882638888888888,0.9878472222222224,0.9878738068024476
H2,final,GCN-NodeAware,Corr,123,1,False,32,96,0.05,0.0015,False,weak,0.998263867957513,18,0.4295730292797088,0.6076388888888888,0.8403606842888846,0.6076388888888888,0.6133195776689937
H2,final,GCN-NodeAware,Corr,202,1,False,32,96,0.05,0.0015,False,iid,0.996527756846402,12,0.4033412337303161,0.9982638888888888,0.9982758620689656,0.9982638888888888,0.998263867957513
H2,final,GCN-NodeAware,Corr,202,1,False,32,96,0.05,0.0015,False,ood_profile,0.996527756846402,12,0.4033412337303161,0.9913194444444444,0.9914367155312828,0.9913194444444444,0.9913368837180756
H2,final,GCN-NodeAware,Corr,202,1,False,32,96,0.05,0.0015,False,weak,0.996527756846402,12,0.4033412337303161,0.4722222222222222,0.807065320484853,0.4722222222222222,0.4616666946450672
H2,final,GCN-NodeAware,Identity,101,1,False,32,96,0.05,0.0015,False,iid,0.998263867957513,7,0.4241777956485748,0.9982638888888888,0.9982758620689656,0.9982638888888888,0.998263867957513
H2,final,GCN-NodeAware,Identity,101,1,False,32,96,0.05,0.0015,False,ood_profile,0.998263867957513,7,0.4241777956485748,0.9930555555555556,0.9931147619503784,0.9930555555555556,0.9930674035804398
H2,final,GCN-NodeAware,Identity,101,1,False,32,96,0.05,0.0015,False,weak,0.998263867957513,7,0.4241777956485748,0.5295138888888888,0.8138923312232753,0.529513888888889,0.5309433422155756
H2,final,GCN-NodeAware,Identity,123,1,False,32,96,0.05,0.0015,False,iid,0.998263867957513,11,0.433058887720108,1.0,1.0,1.0,1.0
H2,final,GCN-NodeAware,Identity,123,1,False,32,96,0.05,0.0015,False,ood_profile,0.998263867957513,11,0.433058887720108,0.9930555555555556,0.9932432432432432,0.9930555555555556,0.9930726833790122
H2,final,GCN-NodeAware,Identity,123,1,False,32,96,0.05,0.0015,False,weak,0.998263867957513,11,0.433058887720108,0.5798611111111112,0.8432642487046632,0.5798611111111112,0.5900352330295519
H2,final,GCN-NodeAware,Identity,202,1,False,32,96,0.05,0.0015,False,iid,0.9965337017902198,24,0.4103942215442657,1.0,1.0,1.0,1.0
H2,final,GCN-NodeAware,Identity,202,1,False,32,96,0.05,0.0015,False,ood_profile,0.9965337017902198,24,0.4103942215442657,0.9965277777777778,0.9965753424657534,0.9965277777777778,0.9965337017902198
H2,final,GCN-NodeAware,Identity,202,1,False,32,96,0.05,0.0015,False,weak,0.9965337017902198,24,0.4103942215442657,0.4913194444444444,0.8251828631138975,0.4913194444444444,0.4795637604100334
H2,final,GCN-NodeAware,KG,101,1,False,32,96,0.05,0.0015,False,iid,1.0,79,0.4210115671157837,1.0,1.0,1.0,1.0
H2,final,GCN-NodeAware,KG,101,1,False,32,96,0.05,0.0015,False,ood_profile,1.0,79,0.4210115671157837,0.9565972222222222,0.9620723587789456,0.956597222222222,0.9566218518347412
H2,final,GCN-NodeAware,KG,101,1,False,32,96,0.05,0.0015,False,weak,1.0,79,0.4210115671157837,0.5833333333333334,0.8320786142571619,0.5833333333333334,0.5820646256899962
H2,final,GCN-NodeAware,KG,123,1,False,32,96,0.05,0.0015,False,iid,0.998263867957513,11,0.4300534427165985,1.0,1.0,1.0,1.0
H2,final,GCN-NodeAware,KG,123,1,False,32,96,0.05,0.0015,False,ood_profile,0.998263867957513,11,0.4300534427165985,0.9861111111111112,0.986842105263158,0.9861111111111112,0.9862069502248768
H2,final,GCN-NodeAware,KG,123,1,False,32,96,0.05,0.0015,False,weak,0.998263867957513,11,0.4300534427165985,0.5850694444444444,0.8407197109357717,0.5850694444444444,0.596741571310387
H2,final,GCN-NodeAware,KG,202,1,False,32,96,0.05,0.0015,False,iid,0.996527756846402,12,0.4076949059963226,0.9982638888888888,0.9982758620689656,0.9982638888888888,0.998263867957513
H2,final,GCN-NodeAware,KG,202,1,False,32,96,0.05,0.0015,False,ood_profile,0.996527756846402,12,0.4076949059963226,0.9878472222222222,0.988147171620326,0.9878472222222222,0.9878745334740484
H2,final,GCN-NodeAware,KG,202,1,False,32,96,0.05,0.0015,False,weak,0.996527756846402,12,0.4076949059963226,0.4722222222222222,0.8088334302043979,0.4722222222222222,0.4608578987150415
H3,final,AE,KG,101,1,False,32,96,0.05,0.0015,False,iid,0.9618055187635204,10,0.1541561931371688,0.9375,0.939303481646714,0.9375,0.9380137803018076
H3,final,AE,KG,101,1,False,32,96,0.05,0.0015,False,ood_profile,0.9618055187635204,10,0.1541561931371688,0.9114583333333334,0.916849678608564,0.9114583333333334,0.912328046642094
H3,final,AE,KG,101,1,False,32,96,0.05,0.0015,False,weak,0.9618055187635204,10,0.1541561931371688,0.453125,0.6985376213592233,0.453125,0.4322504957682232
H3,final,AE,KG,123,1,False,32,96,0.05,0.0015,False,iid,0.9651839582497156,8,0.1538218259811401,0.9565972222222222,0.9570075069382572,0.9565972222222222,0.9566897682614136
H3,final,AE,KG,123,1,False,32,96,0.05,0.0015,False,ood_profile,0.9651839582497156,8,0.1538218259811401,0.9288194444444444,0.9321184280675276,0.9288194444444444,0.9294340945677269
H3,final,AE,KG,123,1,False,32,96,0.05,0.0015,False,weak,0.9651839582497156,8,0.1538218259811401,0.4635416666666667,0.7149071736354466,0.4635416666666667,0.446755291429124
H3,final,AE,KG,202,1,False,32,96,0.05,0.0015,False,iid,0.967106108310712,16,0.1547490954399109,0.9565972222222222,0.9570360090225156,0.9565972222222224,0.95666008443942
H3,final,AE,KG,202,1,False,32,96,0.05,0.0015,False,ood_profile,0.967106108310712,16,0.1547490954399109,0.9236111111111112,0.926722366428726,0.923611111111111,0.9241511466079096
H3,final,AE,KG,202,1,False,32,96,0.05,0.0015,False,weak,0.967106108310712,16,0.1547490954399109,0.4236111111111111,0.6799937869452464,0.4236111111111111,0.4036974207812165
H3,final,CNN,KG,101,1,False,32,96,0.05,0.0015,False,iid,0.9878229003964916,25,,0.9826388888888888,0.982801543214498,0.9826388888888888,0.9826614545112052
H3,final,CNN,KG,101,1,False,32,96,0.05,0.0015,False,ood_profile,0.9878229003964916,25,,0.953125,0.95625612945407,0.953125,0.9535374394361988
H3,final,CNN,KG,101,1,False,32,96,0.05,0.0015,False,weak,0.9878229003964916,25,,0.4392361111111111,0.7217396146564206,0.439236111111111,0.4043102838833156
H3,final,CNN,KG,123,1,False,32,96,0.05,0.0015,False,iid,0.9860742727225,16,,0.96875,0.9689528389576836,0.96875,0.9687412959024688
H3,final,CNN,KG,123,1,False,32,96,0.05,0.0015,False,ood_profile,0.9860742727225,16,,0.9652777777777778,0.9655146305097382,0.9652777777777776,0.9653095383505692
H3,final,CNN,KG,123,1,False,32,96,0.05,0.0015,False,weak,0.9860742727225,16,,0.4392361111111111,0.7232579336551299,0.4392361111111111,0.4044929861997392
H3,final,CNN,KG,202,1,False,32,96,0.05,0.0015,False,iid,0.9878529774723548,23,,0.9861111111111112,0.9862010321369928,0.9861111111111112,0.9860789488712918
H3,final,CNN,KG,202,1,False,32,96,0.05,0.0015,False,ood_profile,0.9878529774723548,23,,0.9496527777777778,0.9536854524701902,0.9496527777777776,0.9500545899352336
H3,final,CNN,KG,202,1,False,32,96,0.05,0.0015,False,weak,0.9878529774723548,23,,0.4149305555555556,0.7583689125303412,0.4149305555555556,0.3736540106789727
H3,final,GCN-NodeAware,Corr,101,1,False,32,96,0.05,0.0015,False,iid,0.9722258152232556,3,0.51021808385849,0.9670138888888888,0.9683374011474888,0.9670138888888888,0.9670930976166264
H3,final,GCN-NodeAware,Corr,101,1,False,32,96,0.05,0.0015,False,ood_profile,0.9722258152232556,3,0.51021808385849,0.9253472222222222,0.9323917563705708,0.9253472222222222,0.9257278622108716
H3,final,GCN-NodeAware,Corr,101,1,False,32,96,0.05,0.0015,False,weak,0.9722258152232556,3,0.51021808385849,0.4010416666666667,0.7422188219896838,0.4010416666666666,0.3649311213127827
H3,final,GCN-NodeAware,Corr,123,1,False,32,96,0.05,0.0015,False,iid,0.9688492028601406,7,0.4930268228054046,0.9722222222222222,0.9723419540229884,0.9722222222222222,0.9722641473290262
H3,final,GCN-NodeAware,Corr,123,1,False,32,96,0.05,0.0015,False,ood_profile,0.9688492028601406,7,0.4930268228054046,0.9131944444444444,0.9213334028513284,0.9131944444444444,0.9138090915742292
H3,final,GCN-NodeAware,Corr,123,1,False,32,96,0.05,0.0015,False,weak,0.9688492028601406,7,0.4930268228054046,0.40625,0.7246295728591866,0.40625,0.3680229198963254
H3,final,GCN-NodeAware,Corr,202,1,False,32,96,0.05,0.0015,False,iid,0.9826386368341384,18,0.5115633010864258,0.9704861111111112,0.9707689692023704,0.9704861111111112,0.970574775879986
H3,final,GCN-NodeAware,Corr,202,1,False,32,96,0.05,0.0015,False,ood_profile,0.9826386368341384,18,0.5115633010864258,0.9270833333333334,0.9317299662883124,0.9270833333333334,0.9273491694432228
H3,final,GCN-NodeAware,Corr,202,1,False,32,96,0.05,0.0015,False,weak,0.9826386368341384,18,0.5115633010864258,0.4947916666666667,0.7470441595441595,0.4947916666666667,0.4875191499304541
H3,final,GCN-NodeAware,Identity,101,1,False,32,96,0.05,0.0015,False,iid,0.965385525641398,5,0.5158067941665649,0.9756944444444444,0.976172032193159,0.9756944444444444,0.9757729694852432
H3,final,GCN-NodeAware,Identity,101,1,False,32,96,0.05,0.0015,False,ood_profile,0.965385525641398,5,0.5158067941665649,0.9201388888888888,0.9306412337662338,0.920138888888889,0.9208677640027428
H3,final,GCN-NodeAware,Identity,101,1,False,32,96,0.05,0.0015,False,weak,0.965385525641398,5,0.5158067941665649,0.4340277777777778,0.763144430647535,0.4340277777777778,0.4039665527207403
H3,final,GCN-NodeAware,Identity,123,1,False,32,96,0.05,0.0015,False,iid,0.9669544225586876,9,0.5098452568054199,0.96875,0.9693302367395864,0.96875,0.9688997505337136
H3,final,GCN-NodeAware,Identity,123,1,False,32,96,0.05,0.0015,False,ood_profile,0.9669544225586876,9,0.5098452568054199,0.8975694444444444,0.912895099143557,0.8975694444444445,0.8964667913540093
H3,final,GCN-NodeAware,Identity,123,1,False,32,96,0.05,0.0015,False,weak,0.9669544225586876,9,0.5098452568054199,0.4444444444444444,0.7449061069496463,0.4444444444444444,0.4115450476662168
H3,final,GCN-NodeAware,Identity,202,1,False,32,96,0.05,0.0015,False,iid,0.9808778066010612,18,0.5192703604698181,0.9722222222222222,0.9723397940917958,0.9722222222222222,0.97225763939126
H3,final,GCN-NodeAware,Identity,202,1,False,32,96,0.05,0.0015,False,ood_profile,0.9808778066010612,18,0.5192703604698181,0.9079861111111112,0.916225369458128,0.907986111111111,0.9081222349079492
H3,final,GCN-NodeAware,Identity,202,1,False,32,96,0.05,0.0015,False,weak,0.9808778066010612,18,0.5192703604698181,0.4739583333333333,0.7233772800823772,0.4739583333333333,0.4602988576730346
H3,final,GCN-NodeAware,KG,101,1,False,32,96,0.05,0.0015,False,iid,0.973961776964607,5,0.5104206204414368,0.9722222222222222,0.9723815474769758,0.9722222222222222,0.9722258675707888
H3,final,GCN-NodeAware,KG,101,1,False,32,96,0.05,0.0015,False,ood_profile,0.973961776964607,5,0.5104206204414368,0.9184027777777778,0.92822200599034,0.9184027777777778,0.9189316716928312
H3,final,GCN-NodeAware,KG,101,1,False,32,96,0.05,0.0015,False,weak,0.973961776964607,5,0.5104206204414368,0.4409722222222222,0.7565392783013463,0.4409722222222222,0.4137422614276009
H3,final,GCN-NodeAware,KG,123,1,False,32,96,0.05,0.0015,False,iid,0.9671469883146376,6,0.4926804006099701,0.9722222222222222,0.9724328251113964,0.9722222222222222,0.9722870993379544
H3,final,GCN-NodeAware,KG,123,1,False,32,96,0.05,0.0015,False,ood_profile,0.9671469883146376,6,0.4926804006099701,0.921875,0.9295412590616324,0.921875,0.9227279580423976
H3,final,GCN-NodeAware,KG,123,1,False,32,96,0.05,0.0015,False,weak,0.9671469883146376,6,0.4926804006099701,0.3975694444444444,0.7484153368794326,0.3975694444444444,0.3544162361344771
H3,final,GCN-NodeAware,KG,202,1,False,32,96,0.05,0.0015,False,iid,0.98090853302791,18,0.5123790502548218,0.9670138888888888,0.9673623091176282,0.9670138888888888,0.9671133787246824
H3,final,GCN-NodeAware,KG,202,1,False,32,96,0.05,0.0015,False,ood_profile,0.98090853302791,18,0.5123790502548218,0.9166666666666666,0.9224448492208056,0.9166666666666669,0.9171263156225562
H3,final,GCN-NodeAware,KG,202,1,False,32,96,0.05,0.0015,False,weak,0.98090853302791,18,0.5123790502548218,0.4704861111111111,0.7178652108433735,0.4704861111111111,0.4581565198716923
H4,final,AE,KG,101,1,False,32,96,0.05,0.0015,False,iid,0.9652873777359068,35,0.2962575554847717,0.921875,0.9302492503005207,0.921875,0.9235114117232536
H4,final,AE,KG,101,1,False,32,96,0.05,0.0015,False,ood_profile,0.9652873777359068,35,0.2962575554847717,0.8576388888888888,0.8892856586611844,0.8576388888888888,0.8625728891580634
H4,final,AE,KG,101,1,False,32,96,0.05,0.0015,False,weak,0.9652873777359068,35,0.2962575554847717,0.4722222222222222,0.7558440237797246,0.4722222222222222,0.4647094934944034
H4,final,AE,KG,123,1,False,32,96,0.05,0.0015,False,iid,0.95664145246154,19,0.306730180978775,0.9184027777777778,0.9284547033401996,0.9184027777777778,0.9203543780406962
H4,final,AE,KG,123,1,False,32,96,0.05,0.0015,False,ood_profile,0.95664145246154,19,0.306730180978775,0.859375,0.8903380551902248,0.859375,0.8639685921321784
H4,final,AE,KG,123,1,False,32,96,0.05,0.0015,False,weak,0.95664145246154,19,0.306730180978775,0.453125,0.7407245793054065,0.453125,0.441392763276309
H4,final,AE,KG,202,1,False,32,96,0.05,0.0015,False,iid,0.9564938006877596,19,0.3068965375423431,0.9131944444444444,0.9209320309660218,0.9131944444444444,0.9151775082934688
H4,final,AE,KG,202,1,False,32,96,0.05,0.0015,False,ood_profile,0.9564938006877596,19,0.3068965375423431,0.8715277777777778,0.8906672794117647,0.8715277777777778,0.875563337791456
H4,final,AE,KG,202,1,False,32,96,0.05,0.0015,False,weak,0.9564938006877596,19,0.3068965375423431,0.5017361111111112,0.7341988969500843,0.5017361111111112,0.502078031337386
H4,final,CNN,KG,101,1,False,32,96,0.05,0.0015,False,iid,0.9599451234795772,30,,0.9513888888888888,0.9551859599056396,0.9513888888888888,0.951840498527362
H4,final,CNN,KG,101,1,False,32,96,0.05,0.0015,False,ood_profile,0.9599451234795772,30,,0.8958333333333334,0.905535427624522,0.8958333333333334,0.8948461132889328
H4,final,CNN,KG,101,1,False,32,96,0.05,0.0015,False,weak,0.9599451234795772,30,,0.4409722222222222,0.6804246400151572,0.4409722222222222,0.417620320855615
H4,final,CNN,KG,123,1,False,32,96,0.05,0.0015,False,iid,0.9652602405939952,30,,0.9548611111111112,0.9560401296292736,0.9548611111111112,0.95457249149449
H4,final,CNN,KG,123,1,False,32,96,0.05,0.0015,False,ood_profile,0.9652602405939952,30,,0.9131944444444444,0.9160900038167644,0.9131944444444444,0.9132855709488236
H4,final,CNN,KG,123,1,False,32,96,0.05,0.0015,False,weak,0.9652602405939952,30,,0.4305555555555556,0.6816443980856102,0.4305555555555555,0.4149607350376498
H4,final,CNN,KG,202,1,False,32,96,0.05,0.0015,False,iid,0.9669686357067954,23,,0.9670138888888888,0.968341503267974,0.967013888888889,0.9672090528945368
H4,final,CNN,KG,202,1,False,32,96,0.05,0.0015,False,ood_profile,0.9669686357067954,23,,0.9045138888888888,0.9206885159244088,0.904513888888889,0.9055983868171652
H4,final,CNN,KG,202,1,False,32,96,0.05,0.0015,False,weak,0.9669686357067954,23,,0.4114583333333333,0.7743260461373391,0.4114583333333333,0.3749511128845933
H4,final,GCN-NodeAware,Corr,101,1,False,32,96,0.05,0.0015,False,iid,0.9704157786424684,13,0.5090950131416321,0.9600694444444444,0.9614456447263636,0.9600694444444444,0.9602279280296062
H4,final,GCN-NodeAware,Corr,101,1,False,32,96,0.05,0.0015,False,ood_profile,0.9704157786424684,13,0.5090950131416321,0.9010416666666666,0.9099034350582338,0.9010416666666666,0.900859381958687
H4,final,GCN-NodeAware,Corr,101,1,False,32,96,0.05,0.0015,False,weak,0.9704157786424684,13,0.5090950131416321,0.4618055555555556,0.6910626987385535,0.4618055555555556,0.4359639538567966
H4,final,GCN-NodeAware,Corr,123,1,False,32,96,0.05,0.0015,False,iid,0.9756918068366792,13,0.4387626945972442,0.9670138888888888,0.9675113179074448,0.9670138888888888,0.9671033924995192
H4,final,GCN-NodeAware,Corr,123,1,False,32,96,0.05,0.0015,False,ood_profile,0.9756918068366792,13,0.4387626945972442,0.890625,0.9048471933002143,0.890625,0.8906830336723801
H4,final,GCN-NodeAware,Corr,123,1,False,32,96,0.05,0.0015,False,weak,0.9756918068366792,13,0.4387626945972442,0.4079861111111111,0.6989045957914234,0.4079861111111111,0.3689380726712428
H4,final,GCN-NodeAware,Corr,202,1,False,32,96,0.05,0.0015,False,iid,0.9773914012515726,15,0.4486710429191589,0.9791666666666666,0.9791884392351062,0.9791666666666666,0.979154023658334
H4,final,GCN-NodeAware,Corr,202,1,False,32,96,0.05,0.0015,False,ood_profile,0.9773914012515726,15,0.4486710429191589,0.9201388888888888,0.9297252207091544,0.9201388888888888,0.9213154462240228
H4,final,GCN-NodeAware,Corr,202,1,False,32,96,0.05,0.0015,False,weak,0.9773914012515726,15,0.4486710429191589,0.4184027777777778,0.7494671876818059,0.4184027777777778,0.3841742030982157
H4,final,GCN-NodeAware,Identity,101,1,False,32,96,0.05,0.0015,False,iid,0.9669597697133624,15,0.5078622698783875,0.9756944444444444,0.9758871241168732,0.9756944444444444,0.9757037083681804
H4,final,GCN-NodeAware,Identity,101,1,False,32,96,0.05,0.0015,False,ood_profile,0.9669597697133624,15,0.5078622698783875,0.8975694444444444,0.911876957306746,0.8975694444444445,0.8984375896152937
H4,final,GCN-NodeAware,Identity,101,1,False,32,96,0.05,0.0015,False,weak,0.9669597697133624,15,0.5078622698783875,0.4375,0.7253619466754035,0.4375,0.4081641323712392
H4,final,GCN-NodeAware,Identity,123,1,False,32,96,0.05,0.0015,False,iid,0.9773989050346936,12,0.4382599890232086,0.9618055555555556,0.9631473778395856,0.9618055555555556,0.962034755280987
H4,final,GCN-NodeAware,Identity,123,1,False,32,96,0.05,0.0015,False,ood_profile,0.9773989050346936,12,0.4382599890232086,0.8871527777777778,0.9005827051525632,0.8871527777777779,0.8871888275430859
H4,final,GCN-NodeAware,Identity,123,1,False,32,96,0.05,0.0015,False,weak,0.9773989050346936,12,0.4382599890232086,0.3975694444444444,0.678917621500403,0.3975694444444445,0.3549557704554027
H4,final,GCN-NodeAware,Identity,202,1,False,32,96,0.05,0.0015,False,iid,0.9756322506364604,8,0.4466840922832489,0.9670138888888888,0.9675818103582564,0.9670138888888888,0.9671575475078134
H4,final,GCN-NodeAware,Identity,202,1,False,32,96,0.05,0.0015,False,ood_profile,0.9756322506364604,8,0.4466840922832489,0.9027777777777778,0.9144754394224732,0.9027777777777778,0.904219929548728
H4,final,GCN-NodeAware,Identity,202,1,False,32,96,0.05,0.0015,False,weak,0.9756322506364604,8,0.4466840922832489,0.3871527777777778,0.694221236253128,0.3871527777777778,0.3429211153433043
H4,final,GCN-NodeAware,KG,101,1,False,32,96,0.05,0.0015,False,iid,0.9686790522354448,13,0.50564044713974,0.9513888888888888,0.953359826144048,0.951388888888889,0.9515370791452864
H4,final,GCN-NodeAware,KG,101,1,False,32,96,0.05,0.0015,False,ood_profile,0.9686790522354448,13,0.50564044713974,0.8958333333333334,0.9029700803804293,0.8958333333333333,0.895519283832833
H4,final,GCN-NodeAware,KG,101,1,False,32,96,0.05,0.0015,False,weak,0.9686790522354448,13,0.50564044713974,0.4513888888888889,0.6732483630495952,0.4513888888888889,0.423565608464684
H4,final,GCN-NodeAware,KG,123,1,False,32,96,0.05,0.0015,False,iid,0.9756472185926188,12,0.4376595616340637,0.9618055555555556,0.9630747658935536,0.9618055555555556,0.9620610549886124
H4,final,GCN-NodeAware,KG,123,1,False,32,96,0.05,0.0015,False,ood_profile,0.9756472185926188,12,0.4376595616340637,0.8871527777777778,0.9020090248863836,0.8871527777777777,0.8867237026664567
H4,final,GCN-NodeAware,KG,123,1,False,32,96,0.05,0.0015,False,weak,0.9756472185926188,12,0.4376595616340637,0.40625,0.6914328408230848,0.40625,0.3670153301945275
H4,final,GCN-NodeAware,KG,202,1,False,32,96,0.05,0.0015,False,iid,0.9773679110899608,9,0.4468522071838379,0.9670138888888888,0.9676288323548596,0.967013888888889,0.9671141793288468
H4,final,GCN-NodeAware,KG,202,1,False,32,96,0.05,0.0015,False,ood_profile,0.9773679110899608,9,0.4468522071838379,0.9305555555555556,0.9340337947909162,0.9305555555555556,0.931039282136226
H4,final,GCN-NodeAware,KG,202,1,False,32,96,0.05,0.0015,False,weak,0.9773679110899608,9,0.4468522071838379,0.4236111111111111,0.7098167948068173,0.4236111111111111,0.3938729523795109
L6,final,AE,KG,101,1,False,32,96,0.05,0.0015,False,iid,0.9687967719147,42,0.2917402684688568,0.9548611111111112,0.955827180474671,0.9548611111111112,0.9549730555624684
L6,final,AE,KG,101,1,False,32,96,0.05,0.0015,False,ood_profile,0.9687967719147,42,0.2917402684688568,0.9270833333333334,0.9330723198370257,0.9270833333333331,0.9280874769239742
L6,final,AE,KG,101,1,False,32,96,0.05,0.0015,False,weak,0.9687967719147,42,0.2917402684688568,0.4496527777777778,0.6851814851814853,0.4496527777777778,0.4307408264212063
L6,final,AE,KG,123,1,False,32,96,0.05,0.0015,False,iid,0.9584215431954796,15,0.2976782023906708,0.9600694444444444,0.9611046048925976,0.9600694444444444,0.9601220940947748
L6,final,AE,KG,123,1,False,32,96,0.05,0.0015,False,ood_profile,0.9584215431954796,15,0.2976782023906708,0.9340277777777778,0.939484513243975,0.9340277777777778,0.9343037122085806
L6,final,AE,KG,123,1,False,32,96,0.05,0.0015,False,weak,0.9584215431954796,15,0.2976782023906708,0.4496527777777778,0.6835210104701005,0.4496527777777778,0.4297901310729627
L6,final,AE,KG,202,1,False,32,96,0.05,0.0015,False,iid,0.979202461051704,52,0.2963605225086212,0.9618055555555556,0.961851941162286,0.9618055555555556,0.9618171515378032
L6,final,AE,KG,202,1,False,32,96,0.05,0.0015,False,ood_profile,0.979202461051704,52,0.2963605225086212,0.9340277777777778,0.93712663357829,0.9340277777777778,0.934875372919724
L6,final,AE,KG,202,1,False,32,96,0.05,0.0015,False,weak,0.979202461051704,52,0.2963605225086212,0.4618055555555556,0.6849100484929337,0.4618055555555556,0.4527866665020182
L6,final,CNN,KG,101,1,False,32,96,0.05,0.0015,False,iid,0.9878926623837684,23,,0.9670138888888888,0.967122784904475,0.9670138888888888,0.9670054719754018
L6,final,CNN,KG,101,1,False,32,96,0.05,0.0015,False,ood_profile,0.9878926623837684,23,,0.9513888888888888,0.9530096129360835,0.9513888888888888,0.9517372867624546
L6,final,CNN,KG,101,1,False,32,96,0.05,0.0015,False,weak,0.9878926623837684,23,,0.4444444444444444,0.6812281508179892,0.4444444444444444,0.4274202353611633
L6,final,CNN,KG,123,1,False,32,96,0.05,0.0015,False,iid,0.9843981273621396,13,,0.96875,0.9688744778004468,0.96875,0.968759893847318
L6,final,CNN,KG,123,1,False,32,96,0.05,0.0015,False,ood_profile,0.9843981273621396,13,,0.9652777777777778,0.965416780322939,0.9652777777777776,0.9653185529217554
L6,final,CNN,KG,123,1,False,32,96,0.05,0.0015,False,weak,0.9843981273621396,13,,0.4201388888888889,0.681168040317077,0.4201388888888888,0.3975363319406922
L6,final,CNN,KG,202,1,False,32,96,0.05,0.0015,False,iid,0.9843986733740272,9,,0.9618055555555556,0.9621825396825396,0.9618055555555556,0.9618348340682344
L6,final,CNN,KG,202,1,False,32,96,0.05,0.0015,False,ood_profile,0.9843986733740272,9,,0.9357638888888888,0.9393374239652046,0.935763888888889,0.9361560172523288
L6,final,CNN,KG,202,1,False,32,96,0.05,0.0015,False,weak,0.9843986733740272,9,,0.3836805555555556,0.668812550967455,0.3836805555555555,0.3465700669370469
L6,final,GCN-NodeAware,Corr,101,1,False,32,96,0.05,0.0015,False,iid,0.9757527926177756,5,0.5466801524162292,0.9739583333333334,0.974484126984127,0.9739583333333334,0.974060968653524
L6,final,GCN-NodeAware,Corr,101,1,False,32,96,0.05,0.0015,False,ood_profile,0.9757527926177756,5,0.5466801524162292,0.9496527777777778,0.9532269209508016,0.9496527777777778,0.9502345927731716
L6,final,GCN-NodeAware,Corr,101,1,False,32,96,0.05,0.0015,False,weak,0.9757527926177756,5,0.5466801524162292,0.3767361111111111,0.714943032427695,0.3767361111111111,0.3295716643991376
L6,final,GCN-NodeAware,Corr,123,1,False,32,96,0.05,0.0015,False,iid,0.973937986073431,8,0.5485880374908447,0.9774305555555556,0.9774513163059604,0.9774305555555556,0.977411632256214
L6,final,GCN-NodeAware,Corr,123,1,False,32,96,0.05,0.0015,False,ood_profile,0.973937986073431,8,0.5485880374908447,0.9496527777777778,0.9513621498134368,0.9496527777777778,0.9500690313775032
L6,final,GCN-NodeAware,Corr,123,1,False,32,96,0.05,0.0015,False,weak,0.973937986073431,8,0.5485880374908447,0.4253472222222222,0.6819445762801244,0.4253472222222222,0.4029802765468565
L6,final,GCN-NodeAware,Corr,202,1,False,32,96,0.05,0.0015,False,iid,0.9791768778237796,9,0.5511642694473267,0.9809027777777778,0.9809442270058708,0.9809027777777778,0.9808523555123848
L6,final,GCN-NodeAware,Corr,202,1,False,32,96,0.05,0.0015,False,ood_profile,0.9791768778237796,9,0.5511642694473267,0.9600694444444444,0.96121360920417,0.9600694444444444,0.9603518137427712
L6,final,GCN-NodeAware,Corr,202,1,False,32,96,0.05,0.0015,False,weak,0.9791768778237796,9,0.5511642694473267,0.4305555555555556,0.6930369401765283,0.4305555555555556,0.4100334747483431
L6,final,GCN-NodeAware,Identity,101,1,False,32,96,0.05,0.0015,False,iid,0.973992229237494,5,0.550390899181366,0.9809027777777778,0.981217547596858,0.9809027777777776,0.9809603263685948
L6,final,GCN-NodeAware,Identity,101,1,False,32,96,0.05,0.0015,False,ood_profile,0.973992229237494,5,0.550390899181366,0.9461805555555556,0.9507412802298668,0.9461805555555556,0.9468752510948392
L6,final,GCN-NodeAware,Identity,101,1,False,32,96,0.05,0.0015,False,weak,0.973992229237494,5,0.550390899181366,0.3715277777777778,0.6943534222255798,0.3715277777777777,0.322076625268276
L6,final,GCN-NodeAware,Identity,123,1,False,32,96,0.05,0.0015,False,iid,0.9739877828409016,4,0.5521115660667419,0.9791666666666666,0.979177310512927,0.9791666666666669,0.9791543180210128
L6,final,GCN-NodeAware,Identity,123,1,False,32,96,0.05,0.0015,False,ood_profile,0.9739877828409016,4,0.5521115660667419,0.9583333333333334,0.9594694260682995,0.9583333333333334,0.9586019141059912
L6,final,GCN-NodeAware,Identity,123,1,False,32,96,0.05,0.0015,False,weak,0.9739877828409016,4,0.5521115660667419,0.4201388888888889,0.6981340579710145,0.4201388888888889,0.3957668793195109
L6,final,GCN-NodeAware,Identity,202,1,False,32,96,0.05,0.0015,False,iid,0.9739836380036636,13,0.555111825466156,0.9878472222222222,0.9878700067056232,0.9878472222222222,0.9878409227442028
L6,final,GCN-NodeAware,Identity,202,1,False,32,96,0.05,0.0015,False,ood_profile,0.9739836380036636,13,0.555111825466156,0.9322916666666666,0.941134480328546,0.9322916666666666,0.933551324831926
L6,final,GCN-NodeAware,Identity,202,1,False,32,96,0.05,0.0015,False,weak,0.9739836380036636,13,0.555111825466156,0.3767361111111111,0.69120148995149,0.3767361111111111,0.3291568733384787
L6,final,GCN-NodeAware,KG,101,1,False,32,96,0.05,0.0015,False,iid,0.9757394680678676,5,0.5482563972473145,0.9791666666666666,0.979457162591792,0.9791666666666666,0.979224494023368
L6,final,GCN-NodeAware,KG,101,1,False,32,96,0.05,0.0015,False,ood_profile,0.9757394680678676,5,0.5482563972473145,0.9444444444444444,0.94905711794201,0.9444444444444444,0.9451237915775504
L6,final,GCN-NodeAware,KG,101,1,False,32,96,0.05,0.0015,False,weak,0.9757394680678676,5,0.5482563972473145,0.3680555555555556,0.7039414903892591,0.3680555555555556,0.3167021710294135
L6,final,GCN-NodeAware,KG,123,1,False,32,96,0.05,0.0015,False,iid,0.9756814665219836,8,0.5493971705436707,0.9809027777777778,0.9809242084533656,0.9809027777777776,0.9808840219355002
L6,final,GCN-NodeAware,KG,123,1,False,32,96,0.05,0.0015,False,ood_profile,0.9756814665219836,8,0.5493971705436707,0.9496527777777778,0.9517596114191448,0.9496527777777778,0.9501025346668504
L6,final,GCN-NodeAware,KG,123,1,False,32,96,0.05,0.0015,False,weak,0.9756814665219836,8,0.5493971705436707,0.4201388888888889,0.6783834478428876,0.4201388888888889,0.3942564856872075
L6,final,GCN-NodeAware,KG,202,1,False,32,96,0.05,0.0015,False,iid,0.9757209041822934,9,0.551264762878418,0.9826388888888888,0.9828700052047282,0.9826388888888888,0.9825865921600552
L6,final,GCN-NodeAware,KG,202,1,False,32,96,0.05,0.0015,False,ood_profile,0.9757209041822934,9,0.551264762878418,0.9548611111111112,0.9566677110998378,0.954861111111111,0.9553069315740332
L6,final,GCN-NodeAware,KG,202,1,False,32,96,0.05,0.0015,False,weak,0.9757209041822934,9,0.551264762878418,0.4149305555555556,0.6801563277012571,0.4149305555555556,0.3880409419094405
H1,final,AE,KG,101,1,False,32,96,0.05,0.0015,False,iid,0.951702835553612,24,0.1990371644496917,0.9548611111111112,0.95641139071796,0.9548611111111112,0.9552696690097956
H1,final,AE,KG,101,1,False,32,96,0.05,0.0015,False,ood_profile,0.951702835553612,24,0.1990371644496917,0.9097222222222222,0.9219349802301046,0.9097222222222222,0.9109546790314128
H1,final,AE,KG,101,1,False,32,96,0.05,0.0015,False,weak,0.951702835553612,24,0.1990371644496917,0.4652777777777778,0.734628801431127,0.4652777777777777,0.4581737385799502
H1,final,AE,KG,123,1,False,32,96,0.05,0.0015,False,iid,0.9568183260890576,9,0.2039455622434616,0.9461805555555556,0.9483214431799042,0.9461805555555556,0.9467061696914668
H1,final,AE,KG,123,1,False,32,96,0.05,0.0015,False,ood_profile,0.9568183260890576,9,0.2039455622434616,0.9149305555555556,0.9232324763521708,0.9149305555555556,0.9161685351701726
H1,final,AE,KG,123,1,False,32,96,0.05,0.0015,False,weak,0.9568183260890576,9,0.2039455622434616,0.4774305555555556,0.7351131799926981,0.4774305555555556,0.4750809675474527
H1,final,AE,KG,202,1,False,32,96,0.05,0.0015,False,iid,0.9450126172287384,21,0.2007108777761459,0.9427083333333334,0.9431761552350444,0.9427083333333334,0.9427815333989956
H1,final,AE,KG,202,1,False,32,96,0.05,0.0015,False,ood_profile,0.9450126172287384,21,0.2007108777761459,0.8958333333333334,0.9080049054943587,0.8958333333333333,0.8972956620561723
H1,final,AE,KG,202,1,False,32,96,0.05,0.0015,False,weak,0.9450126172287384,21,0.2007108777761459,0.4739583333333333,0.7096333698270807,0.4739583333333332,0.470549639544796
H1,final,CNN,KG,101,1,False,32,96,0.05,0.0015,False,iid,0.9688974875156632,6,,0.9548611111111112,0.9571027821380442,0.9548611111111112,0.9553274399987448
H1,final,CNN,KG,101,1,False,32,96,0.05,0.0015,False,ood_profile,0.9688974875156632,6,,0.9496527777777778,0.952461931821584,0.9496527777777778,0.950230596852138
H1,final,CNN,KG,101,1,False,32,96,0.05,0.0015,False,weak,0.9688974875156632,6,,0.4357638888888889,0.7530278926715452,0.4357638888888889,0.4193661884839064
H1,final,CNN,KG,123,1,False,32,96,0.05,0.0015,False,iid,0.9723042502389454,9,,0.9479166666666666,0.9483323406789756,0.9479166666666669,0.947982391782832
H1,final,CNN,KG,123,1,False,32,96,0.05,0.0015,False,ood_profile,0.9723042502389454,9,,0.9392361111111112,0.9407046983747446,0.939236111111111,0.9396461118511878
H1,final,CNN,KG,123,1,False,32,96,0.05,0.0015,False,weak,0.9723042502389454,9,,0.4930555555555556,0.7229522965812161,0.4930555555555555,0.4924695013637856
H1,final,CNN,KG,202,1,False,32,96,0.05,0.0015,False,iid,0.9705956332350216,8,,0.953125,0.953769498727435,0.953125,0.9532845423627933
H1,final,CNN,KG,202,1,False,32,96,0.05,0.0015,False,ood_profile,0.9705956332350216,8,,0.9357638888888888,0.9381675538391956,0.935763888888889,0.9362967605010069
H1,final,CNN,KG,202,1,False,32,96,0.05,0.0015,False,weak,0.9705956332350216,8,,0.4756944444444444,0.7181271938134461,0.4756944444444444,0.4672606857428286
H1,final,GCN-NodeAware,Corr,101,1,False,32,96,0.05,0.0015,False,iid,0.968766956122502,8,0.714997410774231,0.9479166666666666,0.9489011828834248,0.9479166666666666,0.948198047075338
H1,final,GCN-NodeAware,Corr,101,1,False,32,96,0.05,0.0015,False,ood_profile,0.968766956122502,8,0.714997410774231,0.9340277777777778,0.936082951820362,0.9340277777777776,0.9346531845598058
H1,final,GCN-NodeAware,Corr,101,1,False,32,96,0.05,0.0015,False,weak,0.968766956122502,8,0.714997410774231,0.4201388888888889,0.6907674701179677,0.4201388888888889,0.3999851779794355
H1,final,GCN-NodeAware,Corr,123,1,False,32,96,0.05,0.0015,False,iid,0.9722533467817672,7,0.7310703992843628,0.9565972222222222,0.9564900987279604,0.9565972222222222,0.9565039552705892
H1,final,GCN-NodeAware,Corr,123,1,False,32,96,0.05,0.0015,False,ood_profile,0.9722533467817672,7,0.7310703992843628,0.9392361111111112,0.940104046060508,0.939236111111111,0.9394800744199782
H1,final,GCN-NodeAware,Corr,123,1,False,32,96,0.05,0.0015,False,weak,0.9722533467817672,7,0.7310703992843628,0.4982638888888889,0.7080815263168204,0.4982638888888889,0.4993230018174036
H1,final,GCN-NodeAware,Corr,202,1,False,32,96,0.05,0.0015,False,iid,0.970411666321274,10,0.7362390756607056,0.9565972222222222,0.9566112202020464,0.9565972222222222,0.9565196206221496
H1,final,GCN-NodeAware,Corr,202,1,False,32,96,0.05,0.0015,False,ood_profile,0.970411666321274,10,0.7362390756607056,0.9375,0.9378433028698986,0.9375,0.9376012055838449
H1,final,GCN-NodeAware,Corr,202,1,False,32,96,0.05,0.0015,False,weak,0.970411666321274,10,0.7362390756607056,0.4878472222222222,0.7126832309199395,0.4878472222222222,0.4881093357491766
H1,final,GCN-NodeAware,Identity,101,1,False,32,96,0.05,0.0015,False,iid,0.9687496232352336,8,0.7281423211097717,0.9513888888888888,0.9519589373378188,0.9513888888888888,0.9514941739847688
H1,final,GCN-NodeAware,Identity,101,1,False,32,96,0.05,0.0015,False,ood_profile,0.9687496232352336,8,0.7281423211097717,0.9322916666666666,0.9342468598534188,0.9322916666666666,0.9328578073567526
H1,final,GCN-NodeAware,Identity,101,1,False,32,96,0.05,0.0015,False,weak,0.9687496232352336,8,0.7281423211097717,0.4322916666666667,0.7081071855391419,0.4322916666666666,0.4164771844414734
H1,final,GCN-NodeAware,Identity,123,1,False,32,96,0.05,0.0015,False,iid,0.970580093456718,6,0.7409370541572571,0.9583333333333334,0.9585694611694732,0.9583333333333336,0.9584225018305008
H1,final,GCN-NodeAware,Identity,123,1,False,32,96,0.05,0.0015,False,ood_profile,0.970580093456718,6,0.7409370541572571,0.9461805555555556,0.9469992058765138,0.9461805555555556,0.9463669004021168
H1,final,GCN-NodeAware,Identity,123,1,False,32,96,0.05,0.0015,False,weak,0.970580093456718,6,0.7409370541572571,0.4826388888888889,0.7249402199016973,0.4826388888888889,0.4812248082171637
H1,final,GCN-NodeAware,Identity,202,1,False,32,96,0.05,0.0015,False,iid,0.9671072607418252,12,0.7449625134468079,0.9548611111111112,0.9551825761932144,0.9548611111111112,0.95494783358329
H1,final,GCN-NodeAware,Identity,202,1,False,32,96,0.05,0.0015,False,ood_profile,0.9671072607418252,12,0.7449625134468079,0.9357638888888888,0.936603429585099,0.9357638888888888,0.9359803078690128
H1,final,GCN-NodeAware,Identity,202,1,False,32,96,0.05,0.0015,False,weak,0.9671072607418252,12,0.7449625134468079,0.4461805555555556,0.6987130809280453,0.4461805555555555,0.43620231644615
H1,final,GCN-NodeAware,KG,101,1,False,32,96,0.05,0.0015,False,iid,0.9686815625150456,17,0.7260586619377136,0.9513888888888888,0.9519310215716354,0.951388888888889,0.9514789700338318
H1,final,GCN-NodeAware,KG,101,1,False,32,96,0.05,0.0015,False,ood_profile,0.9686815625150456,17,0.7260586619377136,0.9305555555555556,0.9320015651595736,0.9305555555555556,0.931066759116815
H1,final,GCN-NodeAware,KG,101,1,False,32,96,0.05,0.0015,False,weak,0.9686815625150456,17,0.7260586619377136,0.4913194444444444,0.7170083292394885,0.4913194444444444,0.4873445224181014
H1,final,GCN-NodeAware,KG,123,1,False,32,96,0.05,0.0015,False,iid,0.9722533467817672,6,0.7366468906402588,0.9565972222222222,0.9564240327019587,0.9565972222222222,0.9564935857107136
H1,final,GCN-NodeAware,KG,123,1,False,32,96,0.05,0.0015,False,ood_profile,0.9722533467817672,6,0.7366468906402588,0.9392361111111112,0.9400508124685696,0.939236111111111,0.9394358901660588
H1,final,GCN-NodeAware,KG,123,1,False,32,96,0.05,0.0015,False,weak,0.9722533467817672,6,0.7366468906402588,0.4982638888888889,0.7131890959854559,0.4982638888888888,0.5009293258717438
H1,final,GCN-NodeAware,KG,202,1,False,32,96,0.05,0.0015,False,iid,0.9688668086855964,13,0.739403486251831,0.9565972222222222,0.9579027521579458,0.9565972222222222,0.9568587403036226
H1,final,GCN-NodeAware,KG,202,1,False,32,96,0.05,0.0015,False,ood_profile,0.9688668086855964,13,0.739403486251831,0.9357638888888888,0.938858479333386,0.9357638888888888,0.9365098202531464
H1,final,GCN-NodeAware,KG,202,1,False,32,96,0.05,0.0015,False,weak,0.9688668086855964,13,0.739403486251831,0.4427083333333333,0.7345668027081751,0.4427083333333333,0.4282785217926728
