device,model,tag,name_cn,unit,seeds,r2_mean,r2_std,rmse_mean,rmse_std,mae_mean,mae_std,tolerance_mean
CND1,ANN,SYG1_10MAG10CL104,#1 机凝汽器 I（低压）热井液位 4,mm,1,0.4219932556152344,,53.97531581007076,,33.90814971923828,,0.2793385367209394
CND1,ANN,SYG1_10MAG10CL104-SEL,#1 机凝汽器 I（低压）热井液位三选 - SEL,-,1,0.4228057861328125,,53.93682104149725,,33.74672317504883,,
CND1,ANN,SYG1_10MAG10CL105,#1 机凝汽器 I（低压）热井液位 5,mm,1,0.4206477999687195,,53.81511317696916,,33.72604751586914,,0.2865182851981379
CND1,ANN,SYG1_10MAG10CL106,#1 机凝汽器 I（低压）热井液位 6,mm,1,0.4156829118728637,,53.79206203056358,,33.73493576049805,,0.280149153484494
CND1,ANN,SYG1_10MAG10CP101,凝汽器 1 压力 1,kPa,1,0.7244787216186523,,0.2223470280687779,,0.1877761483192443,,0.5602983069689881
CND1,ANN,SYG1_10MAG10CP105,凝汽器 1 压力 2,kPa,1,0.7251476645469666,,0.2220427023734688,,0.1873279213905334,,0.565717859045325
CND1,ANN,SYG1_10MAG10CP106,凝汽器 1 压力 3,kPa,1,0.7277169823646545,,0.2197352683144035,,0.1854483485221862,,0.5687982027468328
CND1,ANN,SYG1_10MAG10CP107,凝汽器 1 压力 4,kPa,1,0.7302939891815186,,0.2187684255741807,,0.1848276555538177,,0.5761400745767422
CND1,ANN,SYG1_10MAG10CP108,凝汽器 1 压力 5,kPa,1,0.7453162670135498,,0.2128359785726481,,0.1777640432119369,,0.6097227690668643
CND1,ANN,SYG1_10MAG10CP109,凝汽器 1 压力 6,kPa,1,0.7264602184295654,,0.220675221932683,,0.1867762207984924,,0.5609236399008731
CND1,ANN,SYG1_10MAG10CT101,凝汽器 1 温度 1,℃,1,0.5968379974365234,,1.132930039194436,,0.6878981590270996,,0.8336846005975403
CND1,ANN,SYG1_10MAG10CT102,凝汽器 1 温度 2,℃,1,0.5958207845687866,,1.1322613657968172,,0.685278594493866,,0.8364406975936263
CND1,ANN,SYG1_10MAG10CT103,凝汽器 1 温度 3,℃,1,0.6045641303062439,,1.1031659407758556,,0.6832319498062134,,0.8390809921949186
CND1,ANN,SYG1_10MAG10CT104,#1 机凝汽器 I（低压）壳侧温度,℃,1,0.7447681427001953,,0.7382401147110176,,0.6130537390708923,,0.8371355119623873
CND1,GRU,SYG1_10MAG10CL104,#1 机凝汽器 I（低压）热井液位 4,mm,1,0.3776440024375915,,56.007755287493445,,38.070125579833984,,0.1812770688097829
CND1,GRU,SYG1_10MAG10CL104-SEL,#1 机凝汽器 I（低压）热井液位三选 - SEL,-,1,0.3614734411239624,,56.7301383195035,,39.47192001342773,,
CND1,GRU,SYG1_10MAG10CL105,#1 机凝汽器 I（低压）热井液位 5,mm,1,0.361221432685852,,56.50776227444885,,41.314395904541016,,0.1459804988767167
CND1,GRU,SYG1_10MAG10CL106,#1 机凝汽器 I（低压）热井液位 6,mm,1,0.3383021950721741,,57.24318071422351,,41.82903671264648,,0.157491256919193
CND1,GRU,SYG1_10MAG10CP101,凝汽器 1 压力 1,kPa,1,0.6958663463592529,,0.2336070672516295,,0.1949673146009445,,0.5714848183060426
CND1,GRU,SYG1_10MAG10CP105,凝汽器 1 压力 2,kPa,1,0.6592826843261719,,0.2472201484816142,,0.2077719122171402,,0.5276188711582556
CND1,GRU,SYG1_10MAG10CP106,凝汽器 1 压力 3,kPa,1,0.6953259706497192,,0.2324380308033892,,0.1949700713157653,,0.5737082242860783
CND1,GRU,SYG1_10MAG10CP107,凝汽器 1 压力 4,kPa,1,0.6746059060096741,,0.2402946815159927,,0.1985668689012527,,0.5747736063181786
CND1,GRU,SYG1_10MAG10CP108,凝汽器 1 压力 5,kPa,1,0.6757875680923462,,0.2401371037874551,,0.2003939598798751,,0.5361882483729764
CND1,GRU,SYG1_10MAG10CP109,凝汽器 1 压力 6,kPa,1,0.7310044765472412,,0.2188345456228381,,0.1806372553110122,,0.6317483845565927
CND1,GRU,SYG1_10MAG10CT101,凝汽器 1 温度 1,℃,1,0.4811777472496032,,1.2852055966257478,,0.7725999355316162,,0.7733052319521968
CND1,GRU,SYG1_10MAG10CT102,凝汽器 1 温度 2,℃,1,0.5974020957946777,,1.1300441722338317,,0.6651340126991272,,0.8386177826157445
CND1,GRU,SYG1_10MAG10CT103,凝汽器 1 温度 3,℃,1,0.5407528877258301,,1.1888471290546976,,0.7447807788848877,,0.8020242258609908
CND1,GRU,SYG1_10MAG10CT104,#1 机凝汽器 I（低压）壳侧温度,℃,1,0.7021173238754272,,0.7975406484498897,,0.6660009026527405,,0.7916946522454085
CND1,TCN,SYG1_10MAG10CL104,#1 机凝汽器 I（低压）热井液位 4,mm,1,0.3177194595336914,,58.64219663827832,,40.32772445678711,,0.2003381429927971
CND1,TCN,SYG1_10MAG10CL104-SEL,#1 机凝汽器 I（低压）热井液位三选 - SEL,-,1,0.3359378576278686,,57.85337870629834,,40.66085052490234,,
CND1,TCN,SYG1_10MAG10CL105,#1 机凝汽器 I（低压）热井液位 5,mm,1,0.3298353552818298,,57.87935534705466,,40.62113571166992,,0.1934826412210204
CND1,TCN,SYG1_10MAG10CL106,#1 机凝汽器 I（低压）热井液位 6,mm,1,0.3069657683372497,,58.5829490044885,,41.037353515625,,0.1947564675637492
CND1,TCN,SYG1_10MAG10CP101,凝汽器 1 压力 1,kPa,1,0.7002277374267578,,0.2319260284796186,,0.2047812491655349,,0.5015864928086713
CND1,TCN,SYG1_10MAG10CP105,凝汽器 1 压力 2,kPa,1,0.7402201890945435,,0.2158685949526182,,0.1858139783143997,,0.5653936123399032
CND1,TCN,SYG1_10MAG10CP106,凝汽器 1 压力 3,kPa,1,0.6831824779510498,,0.237024966554586,,0.2053685784339904,,0.4913958820668411
CND1,TCN,SYG1_10MAG10CP107,凝汽器 1 压力 4,kPa,1,0.6819632053375244,,0.2375625575019628,,0.2079577594995498,,0.4800472473770757
CND1,TCN,SYG1_10MAG10CP108,凝汽器 1 压力 5,kPa,1,0.6652227640151978,,0.2440182875249639,,0.2142235338687896,,0.4868795886698936
CND1,TCN,SYG1_10MAG10CP109,凝汽器 1 压力 6,kPa,1,0.6610027551651001,,0.245663956338693,,0.2201736867427826,,0.4041040368714825
CND1,TCN,SYG1_10MAG10CT101,凝汽器 1 温度 1,℃,1,0.6228109002113342,,1.0958292135492391,,0.8031474947929382,,0.7602427218194873
CND1,TCN,SYG1_10MAG10CT102,凝汽器 1 温度 2,℃,1,0.6021181344985962,,1.1234061288499029,,0.812645673751831,,0.7585751673344605
CND1,TCN,SYG1_10MAG10CT103,凝汽器 1 温度 3,℃,1,0.627807080745697,,1.0702540249409118,,0.8073434233665466,,0.7527850475947843
CND1,TCN,SYG1_10MAG10CT104,#1 机凝汽器 I（低压）壳侧温度,℃,1,0.7163029909133911,,0.7783188957479068,,0.684026837348938,,0.8128864904926234
CND1,iTransformer-small,SYG1_10MAG10CL104,#1 机凝汽器 I（低压）热井液位 4,mm,1,-0.3335028886795044,,81.9833580435307,,63.9670295715332,,0.1248813025453366
CND1,iTransformer-small,SYG1_10MAG10CL104-SEL,#1 机凝汽器 I（低压）热井液位三选 - SEL,-,1,-0.3719425201416015,,83.1557567629115,,64.81757354736328,,
CND1,iTransformer-small,SYG1_10MAG10CL105,#1 机凝汽器 I（低压）热井液位 5,mm,1,-0.3289017677307129,,81.50408588300957,,63.59589767456055,,0.1229126618338467
CND1,iTransformer-small,SYG1_10MAG10CL106,#1 机凝汽器 I（低压）热井液位 6,mm,1,-0.3250918388366699,,81.00594656509021,,63.12446594238281,,0.1280774486416379
CND1,iTransformer-small,SYG1_10MAG10CP101,凝汽器 1 压力 1,kPa,1,0.0707541108131408,,0.40833732917673,,0.3064183592796325,,0.4598976306830025
CND1,iTransformer-small,SYG1_10MAG10CP105,凝汽器 1 压力 2,kPa,1,0.0878055095672607,,0.4045111415516884,,0.3032773435115814,,0.4632790606109734
CND1,iTransformer-small,SYG1_10MAG10CP106,凝汽器 1 压力 3,kPa,1,0.1145788431167602,,0.3962455932480451,,0.295059472322464,,0.4730991036894643
CND1,iTransformer-small,SYG1_10MAG10CP107,凝汽器 1 压力 4,kPa,1,0.0751225352287292,,0.4051178966924661,,0.3043889999389648,,0.4557519049493943
CND1,iTransformer-small,SYG1_10MAG10CP108,凝汽器 1 压力 5,kPa,1,0.1249301433563232,,0.3945170484951756,,0.295626699924469,,0.4693702665771128
CND1,iTransformer-small,SYG1_10MAG10CP109,凝汽器 1 压力 6,kPa,1,0.1181750297546386,,0.396218309248327,,0.2945718765258789,,0.4740718438057299
CND1,iTransformer-small,SYG1_10MAG10CT101,凝汽器 1 温度 1,℃,1,0.0202113389968872,,1.7661578969300644,,1.1516748666763306,,0.5812585404266161
CND1,iTransformer-small,SYG1_10MAG10CT102,凝汽器 1 温度 2,℃,1,0.0127733349800109,,1.769571602805449,,1.1561052799224854,,0.5809342937211942
CND1,iTransformer-small,SYG1_10MAG10CT103,凝汽器 1 温度 3,℃,1,0.0168974995613098,,1.7394109933729225,,1.1446282863616943,,0.5829260949116428
CND1,iTransformer-small,SYG1_10MAG10CT104,#1 机凝汽器 I（低压）壳侧温度,℃,1,0.0202009677886962,,1.4464342043193417,,1.0947059392929075,,0.5769043703823795
DEA,ANN,SYG1_10CBA00CBK00R107,#1汽机除氧器出口O2（汽水取样画面的除氧器出口溶解氧）,μg/L,3,-0.9879010121027628,0.524175728871515,0.824231304071701,0.1143601959600718,0.6343406836191813,0.08973595773360717,0.9996680331349254
DEA,ANN,SYG1_10LAA10CL101,#1 机除氧器液位 1,mm,3,-0.2803360621134439,0.18835209771418868,26.74595642580557,1.958082056624331,18.302090326944988,1.5009734731457312,0.439531849518648
DEA,ANN,SYG1_10LAA10CL101-SEL,#1 机除氧器液位三选,-,3,-0.14926989873250324,0.21696452652767548,22.140812375519598,2.0478749734697055,14.309242884318033,1.5413201461367847,
DEA,ANN,SYG1_10LAA10CL102,#1 机除氧器液位 2,mm,3,-0.0996158719062805,0.21496416450340894,24.254762659591076,2.3310418116927396,16.318755785624187,1.86361128185735,0.46723950251291196
DEA,ANN,SYG1_10LAA10CL103,#1 机除氧器液位 3,mm,3,-0.15274258454640702,0.17883032497372373,22.585195899792875,1.721580047621099,15.29279867808024,1.018786500161539,0.4789587048660166
DEA,ANN,SYG1_10LAA10CP101,#1 机除氧器压力 1,MPa,3,0.9713865121205646,0.0076851972326928445,0.025072907489528496,0.0035512563598870768,0.018331189950307167,0.002777308470146423,0.993337502219546
DEA,ANN,SYG1_10LAA10CP102,#1 机除氧器压力 2,MPa,3,0.9665223757425944,0.012463112146649155,0.026624450603178366,0.0052535062474289755,0.019282293816407465,0.0037612993757205355,0.9926349676911319
DEA,ANN,SYG1_10LAA10CT101,#1 机除氧器温度 1,℃,3,0.961320141951243,0.013108740567493112,1.7061140685812939,0.28930828308624135,1.2747319142023723,0.25599917072639333,0.5087739614455227
DEA,ANN,SYG1_10LAA10CT102,#1 机除氧器温度 2,℃,3,0.9515838623046875,0.017328241229532505,1.9023203293729327,0.33184131051213345,1.4550082683563232,0.3370422594376009,0.4533123344990775
DEA,GRU,SYG1_10CBA00CBK00R107,#1汽机除氧器出口O2（汽水取样画面的除氧器出口溶解氧）,μg/L,3,-1.1618026892344158,0.32294714719320805,0.8634519488503855,0.06387151713932322,0.6836539506912231,0.03812187239188768,0.9999768395210413
DEA,GRU,SYG1_10LAA10CL101,#1 机除氧器液位 1,mm,3,-0.16486712296803785,0.13855918789730381,25.527293454574068,1.5072098782536643,16.997886021931965,1.1730714343409714,0.46183539075588076
DEA,GRU,SYG1_10LAA10CL101-SEL,#1 机除氧器液位三选,-,3,-0.1447620789210001,0.10389016561532874,22.144668198020636,1.0183351382784402,14.262721061706543,0.7911772383595357,
DEA,GRU,SYG1_10LAA10CL102,#1 机除氧器液位 2,mm,3,-0.10654056072235103,0.07591697987780362,24.39605010028518,0.8452282355879697,16.436244010925293,0.43344596348493886,0.4394006068045487
DEA,GRU,SYG1_10LAA10CL103,#1 机除氧器液位 3,mm,3,-0.3008226950963338,0.09771452580965366,24.027360983843735,0.8936786999366051,17.228535652160648,1.501177880346177,0.37668974994402876
DEA,GRU,SYG1_10LAA10CP101,#1 机除氧器压力 1,MPa,3,0.9734699527422587,0.004656679774503188,0.0242391579112206,0.002168605102390495,0.018187455212076434,0.0018541153359944967,0.9977765940199643
DEA,GRU,SYG1_10LAA10CP102,#1 机除氧器压力 2,MPa,3,0.9719574650128683,0.0034993209931067698,0.024649965546055533,0.0015342042235167172,0.01743383084734273,0.0014088831036910335,0.9943488431340759
DEA,GRU,SYG1_10LAA10CT101,#1 机除氧器温度 1,℃,3,0.9515962799390157,0.0055943239715665226,1.9246461022497652,0.11057249462554401,1.4699668884277344,0.11505290717913438,0.418973064362971
DEA,GRU,SYG1_10LAA10CT102,#1 机除氧器温度 2,℃,3,0.9333112835884094,0.015595528726206169,2.2453079026407257,0.25779125106631146,1.787825385729472,0.23627298763319657,0.34258980475716233
DEA,TCN,SYG1_10CBA00CBK00R107,#1汽机除氧器出口O2（汽水取样画面的除氧器出口溶解氧）,μg/L,3,-941.2828928629557,1101.2837833751225,15.352324750232038,11.648626564988833,1.2978595892588298,0.5197268775446937,0.9957539121909041
DEA,TCN,SYG1_10LAA10CL101,#1 机除氧器液位 1,mm,3,-17.62600831190745,22.681796042438755,87.75410823393094,64.14528302720603,21.57496452331543,5.068935666771886,0.41671105758467086
DEA,TCN,SYG1_10LAA10CL101-SEL,#1 机除氧器液位三选,-,3,-27.842994054158527,35.57666223504989,96.85556184416428,66.99262410434659,17.697075525919598,3.544026454699949,
DEA,TCN,SYG1_10LAA10CL102,#1 机除氧器液位 2,mm,3,-31.87672034899394,37.46842553772097,114.74515480846192,82.43971897838367,21.298510869344074,5.292423084253539,0.43202013417637475
DEA,TCN,SYG1_10LAA10CL103,#1 机除氧器液位 3,mm,3,-33.534328619639076,49.52024841791259,99.55918854792397,90.23865451509221,19.47089958190918,4.41960294320122,0.46236808177193106
DEA,TCN,SYG1_10LAA10CP101,#1 机除氧器压力 1,MPa,3,-17.75214385986328,27.656353465591852,0.5199907802968885,0.46975378345717017,0.04671616479754443,0.025425277490998197,0.9950436575028371
DEA,TCN,SYG1_10LAA10CP102,#1 机除氧器压力 2,MPa,3,-43.52399126688639,45.38456868170625,0.8767597192410627,0.5456953819817695,0.05758079389731088,0.025018766980427144,0.9897785086195583
DEA,TCN,SYG1_10LAA10CT101,#1 机除氧器温度 1,℃,3,-48.7815270225207,84.07766361189485,41.70297643342655,55.842842747231245,3.3543482224146524,2.8528610296327064,0.4020659147231165
DEA,TCN,SYG1_10LAA10CT102,#1 机除氧器温度 2,℃,3,-65.74451502164204,107.1884602534197,52.94758674224406,58.564304297870535,3.8463637828826904,2.715128956911203,0.39802827122464896
DEA,iTransformer-small,SYG1_10CBA00CBK00R107,#1汽机除氧器出口O2（汽水取样画面的除氧器出口溶解氧）,μg/L,3,-31.47089385986328,5.728106400691146,3.3440878050836584,0.290577986470321,0.6782602071762085,0.03304683826029641,0.995993237140144
DEA,iTransformer-small,SYG1_10LAA10CL101,#1 机除氧器液位 1,mm,3,-3.2090811729431152,4.743161293086298,43.626308805222834,26.177342647676817,16.003835995992024,1.36230161445394,0.5393921146289306
DEA,iTransformer-small,SYG1_10LAA10CL101-SEL,#1 机除氧器液位三选,-,3,-1.1548463503519695,1.0537647486648043,29.84732375559533,7.090713899401658,12.721490859985352,0.6252948488080113,
DEA,iTransformer-small,SYG1_10LAA10CL102,#1 机除氧器液位 2,mm,3,-4.347838719685872,1.0349371769577413,53.48832970611911,5.153415598161067,16.02471923828125,0.310248266260722,0.5239209146845156
DEA,iTransformer-small,SYG1_10LAA10CL103,#1 机除氧器液位 3,mm,3,-2.755509893099467,1.7672465482641322,39.94657957836825,10.430423923591352,15.704085350036621,1.2185807501212584,0.4718329975063884
DEA,iTransformer-small,SYG1_10LAA10CP101,#1 机除氧器压力 1,MPa,3,-24.196693738301594,17.294200271794047,0.715478569272046,0.2713202278691266,0.07713987181584037,0.009655040307206663,0.9171704070840185
DEA,iTransformer-small,SYG1_10LAA10CP102,#1 机除氧器压力 2,MPa,3,-21.70649528503418,3.473281284443777,0.701001960320656,0.05292589546761975,0.07393647481997803,0.007214481343815229,0.9420524816453204
DEA,iTransformer-small,SYG1_10LAA10CT101,#1 机除氧器温度 1,℃,3,-20.960811456044514,16.336441869558325,38.61061460597707,17.03874150256498,5.2298665046691895,1.0700755271188003,0.16518053593348303
DEA,iTransformer-small,SYG1_10LAA10CT102,#1 机除氧器温度 2,℃,3,-46.7063357035319,4.762046408223911,60.265108291572325,3.0551427763940797,5.447407245635986,0.44192287324423174,0.235024820313284
H1,ANN,SYG1_10LAB61CT101,#1 高压给水加热器出口温度,℃,3,0.9960362116495768,0.0013401349885678265,0.8879648735139565,0.16180320405823778,0.6683220664660136,0.12966910458242792,0.7880275764102801
H1,ANN,SYG1_10LAD10CL101-CAL,#1 高压加热器水位 1,mm,3,0.355275293191274,0.0007008974282941496,11.994567155680057,0.0065204565062410005,9.650396982828775,0.01997592276079667,0.5855277887146706
H1,ANN,SYG1_10LAD10CL102-CAL,#1 高压加热器水位 2,mm,3,0.3242484927177429,0.017319832073814437,12.050659482919016,0.15482745267205178,9.613226890563963,0.12747924657353119,0.5926071751163814
H1,ANN,SYG1_10LAD10CL103-CAL,#1 高压加热器水位 3,mm,3,0.45894138018290204,0.002477718028127244,11.298239517971785,0.02588053165015624,9.010100682576498,0.012187027273841983,0.6249314835830805
H1,ANN,SYG1_10LAD10CP101,#1 高压加热器压力,MPa,3,0.996224602063497,0.0007995023970253002,0.08866291379291767,0.009735283880830942,0.06605883439381914,0.006729612073076782,0.7917486933629787
H1,ANN,SYG1_10LCH11CT101,#1 高加汽侧疏水温度,℃,3,0.9934961398442587,0.000367251474988704,1.095057613368745,0.030687554340645826,0.8626084725062052,0.02257405570896086,0.6491110236159684
H1,GRU,SYG1_10LAB61CT101,#1 高压给水加热器出口温度,℃,3,0.9977107842763265,0.00022543777086302602,0.6816790805479224,0.0339444385360686,0.513075570265452,0.02871329936932686,0.8782685225930472
H1,GRU,SYG1_10LAD10CL101-CAL,#1 高压加热器水位 1,mm,3,0.43976861238479614,0.005712137124413128,11.180916725302216,0.05704256379680245,8.960190455118815,0.027583828001192485,0.6230014436698551
H1,GRU,SYG1_10LAD10CL102-CAL,#1 高压加热器水位 2,mm,3,0.4431307911872864,0.00980340789976195,10.93972828286489,0.09652172416844683,8.669703801472982,0.06383130359407854,0.644826335008608
H1,GRU,SYG1_10LAD10CL103-CAL,#1 高压加热器水位 3,mm,3,0.5441176692644755,0.007566546887875003,10.370645840998542,0.08600713162163548,8.277350743611654,0.037579890077944655,0.6625363812523642
H1,GRU,SYG1_10LAD10CP101,#1 高压加热器压力,MPa,3,0.9974860151608785,0.0008185801157778928,0.07194363504811639,0.012294350490205328,0.0567911031345526,0.012311758214544131,0.8610448464074237
H1,GRU,SYG1_10LCH11CT101,#1 高加汽侧疏水温度,℃,3,0.9970100323359171,0.0007963022390323967,0.7385237386393303,0.09600778664766932,0.5594728887081146,0.10827886900278684,0.8473338428638705
H1,TCN,SYG1_10LAB61CT101,#1 高压给水加热器出口温度,℃,3,0.9938311775525411,0.0010220854193078186,1.1172706401661907,0.094710787629885,0.8907111485799154,0.11482405373534303,0.627332453235133
H1,TCN,SYG1_10LAD10CL101-CAL,#1 高压加热器水位 1,mm,3,0.41155709822972614,0.014011339429236222,11.458533610117208,0.1366431627866901,9.171424547831217,0.09457532237029366,0.6131582401124055
H1,TCN,SYG1_10LAD10CL102-CAL,#1 高压加热器水位 2,mm,3,0.40258429447809857,0.031149309274946455,11.328718916016603,0.2958825303180573,9.013267199198404,0.24633403860102485,0.625055006137527
H1,TCN,SYG1_10LAD10CL103-CAL,#1 高压加热器水位 3,mm,3,0.5143844286600748,0.01075469401571865,10.703303858277941,0.11879572283506092,8.50700569152832,0.06846952068251194,0.6541831685079247
H1,TCN,SYG1_10LAD10CP101,#1 高压加热器压力,MPa,3,0.995934267838796,0.0014486846822820442,0.0913454810875926,0.01686725894097071,0.07005312666296953,0.01696301606034448,0.7599956767105943
H1,TCN,SYG1_10LCH11CT101,#1 高加汽侧疏水温度,℃,3,0.9943488240242004,0.0005472624958502922,1.02023571446385,0.04903711183420962,0.813561757405599,0.03382630244652511,0.6774594498614231
H1,iTransformer-small,SYG1_10LAB61CT101,#1 高压给水加热器出口温度,℃,3,0.9782051841417948,0.0048316056921372825,2.095796816064845,0.24206456510871274,1.4940317074457805,0.2114440406785282,0.4638889532235526
H1,iTransformer-small,SYG1_10LAD10CL101-CAL,#1 高压加热器水位 1,mm,3,0.33635995785395306,0.006071182653678089,12.169163429641822,0.05569711107232919,9.767212549845377,0.02534862932236799,0.580478804301673
H1,iTransformer-small,SYG1_10LAD10CL102-CAL,#1 高压加热器水位 2,mm,3,0.3110749125480652,0.00484005166879428,12.168174329318132,0.04273450551239917,9.68566099802653,0.020759594750053696,0.5907852174382966
H1,iTransformer-small,SYG1_10LAD10CL103-CAL,#1 高压加热器水位 3,mm,3,0.42056987682978314,0.01696799420247184,11.691199717612937,0.17061577554836158,9.298631032307943,0.11272142267148025,0.6099620940161042
H1,iTransformer-small,SYG1_10LAD10CP101,#1 高压加热器压力,MPa,3,0.9808508157730103,0.0029520545812788987,0.2000883146517807,0.015364735853104388,0.14912689228852585,0.0159118658462343,0.447460453482178
H1,iTransformer-small,SYG1_10LCH11CT101,#1 高加汽侧疏水温度,℃,3,0.9782733718554179,0.004048964654632227,1.9959572324201063,0.19015326368122912,1.4423541227976482,0.1815186055833138,0.4711227428183215
