date,start_index,fault,severity,profile,onset,dropped_active_nodes
2024-06-01,0,F0_normal,0.0,none,-1,0
2024-06-01,0,F1_L6换热能力下降,2.108170607689147,sigmoid,15,0
2024-06-01,0,F2_L6汽侧供汽不足,2.5815337059777415,ramp,11,0
2024-06-01,0,F3_L6水位过高,2.3469477295591146,sigmoid,22,1
2024-06-01,60,F0_normal,0.0,none,-1,0
2024-06-01,60,F1_L6换热能力下降,2.750992235664757,ramp,23,0
2024-06-01,60,F2_L6汽侧供汽不足,2.3620386932168893,ramp,13,2
2024-06-01,60,F3_L6水位过高,2.7984830911765544,ramp,19,1
2024-06-01,120,F0_normal,0.0,none,-1,0
2024-06-01,120,F1_L6换热能力下降,2.8445166298247986,sigmoid,20,0
2024-06-01,120,F2_L6汽侧供汽不足,2.369943042176251,sigmoid,12,0
2024-06-01,120,F3_L6水位过高,2.096287562690068,ramp,10,0
2024-06-01,180,F0_normal,0.0,none,-1,0
2024-06-01,180,F1_L6换热能力下降,2.528622754899466,ramp,17,0
2024-06-01,180,F2_L6汽侧供汽不足,2.48441793563512,ramp,17,1
2024-06-01,180,F3_L6水位过高,2.574482095388887,ramp,17,0
2024-06-01,240,F0_normal,0.0,none,-1,0
2024-06-01,240,F1_L6换热能力下降,2.487359602617974,sigmoid,23,1
2024-06-01,240,F2_L6汽侧供汽不足,2.910006648761756,sigmoid,21,1
2024-06-01,240,F3_L6水位过高,2.4889423238324193,sigmoid,21,1
2024-06-01,300,F0_normal,0.0,none,-1,0
2024-06-01,300,F1_L6换热能力下降,2.1935355239287606,sigmoid,22,1
2024-06-01,300,F2_L6汽侧供汽不足,2.1968587967776854,ramp,15,0
2024-06-01,300,F3_L6水位过高,2.637829330455016,sigmoid,11,0
2024-06-01,360,F0_normal,0.0,none,-1,0
2024-06-01,360,F1_L6换热能力下降,2.8950057330580887,ramp,23,0
2024-06-01,360,F2_L6汽侧供汽不足,2.1179010189478467,ramp,22,0
2024-06-01,360,F3_L6水位过高,2.5288557480336853,sigmoid,17,0
2024-06-01,420,F0_normal,0.0,none,-1,0
2024-06-01,420,F1_L6换热能力下降,2.473198107563605,ramp,16,0
2024-06-01,420,F2_L6汽侧供汽不足,2.9602380209664307,sigmoid,9,0
2024-06-01,420,F3_L6水位过高,2.728826536143573,ramp,9,0
2024-06-01,480,F0_normal,0.0,none,-1,0
2024-06-01,480,F1_L6换热能力下降,2.4512703367978737,ramp,23,0
2024-06-01,480,F2_L6汽侧供汽不足,2.5642319393393835,sigmoid,16,0
2024-06-01,480,F3_L6水位过高,2.8991274359576575,sigmoid,13,0
2024-06-01,540,F0_normal,0.0,none,-1,0
2024-06-01,540,F1_L6换热能力下降,2.7217671583486673,ramp,14,1
2024-06-01,540,F2_L6汽侧供汽不足,2.861058337549379,sigmoid,8,0
2024-06-01,540,F3_L6水位过高,2.050692235377126,ramp,23,1
2024-06-01,600,F0_normal,0.0,none,-1,0
2024-06-01,600,F1_L6换热能力下降,2.2852428681185364,ramp,18,1
2024-06-01,600,F2_L6汽侧供汽不足,2.8798552721950603,ramp,22,0
2024-06-01,600,F3_L6水位过高,2.5374855776475003,sigmoid,11,1
2024-06-01,660,F0_normal,0.0,none,-1,0
2024-06-01,660,F1_L6换热能力下降,2.44756773912426,ramp,14,0
2024-06-01,660,F2_L6汽侧供汽不足,2.3515697258012036,sigmoid,10,1
2024-06-01,660,F3_L6水位过高,2.9278828974845195,ramp,21,1
2024-06-01,720,F0_normal,0.0,none,-1,0
2024-06-01,720,F1_L6换热能力下降,2.093599927273087,ramp,12,0
2024-06-01,720,F2_L6汽侧供汽不足,2.6115222391083446,ramp,11,1
2024-06-01,720,F3_L6水位过高,2.152178392723725,sigmoid,15,0
2024-06-01,780,F0_normal,0.0,none,-1,0
2024-06-01,780,F1_L6换热能力下降,2.6904265238740788,ramp,18,0
2024-06-01,780,F2_L6汽侧供汽不足,2.9842263891010226,sigmoid,15,1
2024-06-01,780,F3_L6水位过高,2.310194757944336,sigmoid,21,1
2024-06-01,840,F0_normal,0.0,none,-1,0
2024-06-01,840,F1_L6换热能力下降,2.40803681845252,ramp,10,0
2024-06-01,840,F2_L6汽侧供汽不足,2.497294504865149,ramp,21,0
2024-06-01,840,F3_L6水位过高,2.3964428737874877,sigmoid,13,1
2024-06-01,900,F0_normal,0.0,none,-1,0
2024-06-01,900,F1_L6换热能力下降,2.3418018935753846,ramp,17,0
2024-06-01,900,F2_L6汽侧供汽不足,2.3230467222938938,sigmoid,10,0
2024-06-01,900,F3_L6水位过高,2.2729177961530604,sigmoid,11,0
2024-06-01,960,F0_normal,0.0,none,-1,0
2024-06-01,960,F1_L6换热能力下降,2.4789635768995275,ramp,15,0
2024-06-01,960,F2_L6汽侧供汽不足,2.115394571519139,sigmoid,9,0
2024-06-01,960,F3_L6水位过高,2.46902998819915,sigmoid,20,0
2024-06-01,1020,F0_normal,0.0,none,-1,0
2024-06-01,1020,F1_L6换热能力下降,2.2253873692314836,ramp,16,1
2024-06-01,1020,F2_L6汽侧供汽不足,2.2999474799199224,sigmoid,10,0
2024-06-01,1020,F3_L6水位过高,2.0367673672627564,ramp,20,0
2024-06-01,1080,F0_normal,0.0,none,-1,0
2024-06-01,1080,F1_L6换热能力下降,2.789890530437383,ramp,12,0
2024-06-01,1080,F2_L6汽侧供汽不足,2.8078533414254876,sigmoid,14,0
2024-06-01,1080,F3_L6水位过高,2.2988137375738704,sigmoid,19,1
2024-06-01,1140,F0_normal,0.0,none,-1,0
2024-06-01,1140,F1_L6换热能力下降,2.925091030664489,ramp,20,2
2024-06-01,1140,F2_L6汽侧供汽不足,2.787337827291267,ramp,23,1
2024-06-01,1140,F3_L6水位过高,2.932070872169975,ramp,23,0
2024-06-01,1200,F0_normal,0.0,none,-1,0
2024-06-01,1200,F1_L6换热能力下降,2.5911939002775357,sigmoid,22,0
2024-06-01,1200,F2_L6汽侧供汽不足,2.6828241145058294,ramp,23,0
2024-06-01,1200,F3_L6水位过高,2.263453095994517,sigmoid,17,1
2024-06-01,1260,F0_normal,0.0,none,-1,0
2024-06-01,1260,F1_L6换热能力下降,2.0241952460336528,sigmoid,22,0
2024-06-01,1260,F2_L6汽侧供汽不足,2.9994932677155255,sigmoid,12,0
2024-06-01,1260,F3_L6水位过高,2.526392869351168,sigmoid,13,0
2024-06-01,1320,F0_normal,0.0,none,-1,0
2024-06-01,1320,F1_L6换热能力下降,2.582216891859871,ramp,21,0
2024-06-01,1320,F2_L6汽侧供汽不足,2.8184545453182395,ramp,15,0
2024-06-01,1320,F3_L6水位过高,2.8518850001821376,sigmoid,23,0
2024-06-02,1417,F0_normal,0.0,none,-1,0
2024-06-02,1417,F1_L6换热能力下降,2.399604326315115,ramp,23,0
2024-06-02,1417,F2_L6汽侧供汽不足,2.428044718340483,ramp,16,0
2024-06-02,1417,F3_L6水位过高,2.682809169971506,sigmoid,8,0
2024-06-02,1477,F0_normal,0.0,none,-1,0
2024-06-02,1477,F1_L6换热能力下降,2.6050069485537266,sigmoid,19,0
2024-06-02,1477,F2_L6汽侧供汽不足,2.5586807032138648,sigmoid,12,0
2024-06-02,1477,F3_L6水位过高,2.9812233947309945,ramp,17,0
2024-06-02,1537,F0_normal,0.0,none,-1,0
2024-06-02,1537,F1_L6换热能力下降,2.8160525853221627,ramp,18,0
2024-06-02,1537,F2_L6汽侧供汽不足,2.78168607077271,ramp,18,0
2024-06-02,1537,F3_L6水位过高,2.0450662082310247,sigmoid,13,0
2024-06-02,1597,F0_normal,0.0,none,-1,0
2024-06-02,1597,F1_L6换热能力下降,2.987393961690599,sigmoid,23,0
2024-06-02,1597,F2_L6汽侧供汽不足,2.1647655963234866,ramp,13,0
2024-06-02,1597,F3_L6水位过高,2.5965842344662535,sigmoid,13,1
2024-06-02,1657,F0_normal,0.0,none,-1,0
2024-06-02,1657,F1_L6换热能力下降,2.0601668932321577,ramp,20,0
2024-06-02,1657,F2_L6汽侧供汽不足,2.070188069973917,ramp,19,0
2024-06-02,1657,F3_L6水位过高,2.5134278889877146,sigmoid,21,0
2024-06-02,1717,F0_normal,0.0,none,-1,0
2024-06-02,1717,F1_L6换热能力下降,2.8077874286133566,ramp,8,0
2024-06-02,1717,F2_L6汽侧供汽不足,2.218082370875541,ramp,22,0
2024-06-02,1717,F3_L6水位过高,2.340691807312467,ramp,13,0
2024-06-02,1777,F0_normal,0.0,none,-1,0
2024-06-02,1777,F1_L6换热能力下降,2.0999529572621425,ramp,21,0
2024-06-02,1777,F2_L6汽侧供汽不足,2.2719926108722506,sigmoid,12,0
2024-06-02,1777,F3_L6水位过高,2.490030964188942,ramp,10,0
2024-06-02,1837,F0_normal,0.0,none,-1,0
2024-06-02,1837,F1_L6换热能力下降,2.6356104927352617,sigmoid,15,0
2024-06-02,1837,F2_L6汽侧供汽不足,2.046325772634141,sigmoid,9,0
2024-06-02,1837,F3_L6水位过高,2.4219380215705386,ramp,16,1
2024-06-02,1897,F0_normal,0.0,none,-1,0
2024-06-02,1897,F1_L6换热能力下降,2.266522393746925,ramp,20,0
2024-06-02,1897,F2_L6汽侧供汽不足,2.9668303342880376,ramp,9,0
2024-06-02,1897,F3_L6水位过高,2.335486034536367,ramp,15,1
2024-06-02,1957,F0_normal,0.0,none,-1,0
2024-06-02,1957,F1_L6换热能力下降,2.4906798803726233,sigmoid,23,0
2024-06-02,1957,F2_L6汽侧供汽不足,2.9752969988274285,sigmoid,9,1
2024-06-02,1957,F3_L6水位过高,2.6096198089357765,ramp,8,0
2024-06-02,2017,F0_normal,0.0,none,-1,0
2024-06-02,2017,F1_L6换热能力下降,2.065403556746859,ramp,17,0
2024-06-02,2017,F2_L6汽侧供汽不足,2.507181764315187,ramp,12,2
2024-06-02,2017,F3_L6水位过高,2.1526921101111265,sigmoid,8,0
2024-06-02,2077,F0_normal,0.0,none,-1,0
2024-06-02,2077,F1_L6换热能力下降,2.478225957076511,ramp,19,0
2024-06-02,2077,F2_L6汽侧供汽不足,2.1591564787755715,ramp,12,0
2024-06-02,2077,F3_L6水位过高,2.614582679067948,ramp,13,0
2024-06-02,2137,F0_normal,0.0,none,-1,0
2024-06-02,2137,F1_L6换热能力下降,2.9291628483943195,ramp,15,0
2024-06-02,2137,F2_L6汽侧供汽不足,2.483181895545841,ramp,21,0
2024-06-02,2137,F3_L6水位过高,2.879667772619687,ramp,21,0
2024-06-02,2197,F0_normal,0.0,none,-1,0
2024-06-02,2197,F1_L6换热能力下降,2.676904753020557,ramp,18,0
2024-06-02,2197,F2_L6汽侧供汽不足,2.3624056757214342,sigmoid,12,0
2024-06-02,2197,F3_L6水位过高,2.430257494863309,sigmoid,18,0
2024-06-02,2257,F0_normal,0.0,none,-1,0
2024-06-02,2257,F1_L6换热能力下降,2.7489561826840054,ramp,19,0
2024-06-02,2257,F2_L6汽侧供汽不足,2.8196915050855873,sigmoid,14,0
2024-06-02,2257,F3_L6水位过高,2.2834518572428086,sigmoid,13,0
2024-06-02,2317,F0_normal,0.0,none,-1,0
2024-06-02,2317,F1_L6换热能力下降,2.65562608104129,ramp,12,0
2024-06-02,2317,F2_L6汽侧供汽不足,2.5401890784335492,sigmoid,13,0
2024-06-02,2317,F3_L6水位过高,2.110401843222216,ramp,23,1
2024-06-02,2377,F0_normal,0.0,none,-1,0
2024-06-02,2377,F1_L6换热能力下降,2.751858627071124,ramp,10,0
2024-06-02,2377,F2_L6汽侧供汽不足,2.341817305865892,ramp,19,0
2024-06-02,2377,F3_L6水位过高,2.5934352105997016,sigmoid,16,0
2024-06-02,2437,F0_normal,0.0,none,-1,0
2024-06-02,2437,F1_L6换热能力下降,2.8193264413466648,ramp,16,1
2024-06-02,2437,F2_L6汽侧供汽不足,2.3698747496876065,ramp,18,0
2024-06-02,2437,F3_L6水位过高,2.4562462270360372,sigmoid,17,0
2024-06-02,2497,F0_normal,0.0,none,-1,0
2024-06-02,2497,F1_L6换热能力下降,2.932600751552189,sigmoid,9,0
2024-06-02,2497,F2_L6汽侧供汽不足,2.2616287926080725,sigmoid,15,1
2024-06-02,2497,F3_L6水位过高,2.775722841556973,ramp,9,0
2024-06-02,2557,F0_normal,0.0,none,-1,0
2024-06-02,2557,F1_L6换热能力下降,2.9676152020343,sigmoid,14,1
2024-06-02,2557,F2_L6汽侧供汽不足,2.8006330550469096,ramp,14,0
2024-06-02,2557,F3_L6水位过高,2.236290375263868,ramp,18,1
2024-06-02,2617,F0_normal,0.0,none,-1,0
2024-06-02,2617,F1_L6换热能力下降,2.7288559493836555,sigmoid,9,1
2024-06-02,2617,F2_L6汽侧供汽不足,2.491047709001988,ramp,13,0
2024-06-02,2617,F3_L6水位过高,2.515630818226324,sigmoid,9,0
2024-06-02,2677,F0_normal,0.0,none,-1,0
2024-06-02,2677,F1_L6换热能力下降,2.4349777176289464,ramp,18,0
2024-06-02,2677,F2_L6汽侧供汽不足,2.3849831405211974,sigmoid,17,0
2024-06-02,2677,F3_L6水位过高,2.83240545426228,sigmoid,19,0
2024-06-02,2737,F0_normal,0.0,none,-1,0
2024-06-02,2737,F1_L6换热能力下降,2.5442683329477265,sigmoid,23,0
2024-06-02,2737,F2_L6汽侧供汽不足,2.4450032356007805,sigmoid,23,0
2024-06-02,2737,F3_L6水位过高,2.792872836164155,sigmoid,20,0
2024-06-02,2797,F0_normal,0.0,none,-1,0
2024-06-02,2797,F1_L6换热能力下降,2.0274499628744955,sigmoid,11,0
2024-06-02,2797,F2_L6汽侧供汽不足,2.0584807086388963,sigmoid,23,0
2024-06-02,2797,F3_L6水位过高,2.3655087190291555,ramp,18,1
2024-06-03,2857,F0_normal,0.0,none,-1,0
2024-06-03,2857,F1_L6换热能力下降,2.2233667280163263,sigmoid,16,0
2024-06-03,2857,F2_L6汽侧供汽不足,2.7277342087684024,ramp,20,1
2024-06-03,2857,F3_L6水位过高,2.964073988175784,sigmoid,14,1
2024-06-03,2917,F0_normal,0.0,none,-1,0
2024-06-03,2917,F1_L6换热能力下降,2.9552286586068135,sigmoid,21,1
2024-06-03,2917,F2_L6汽侧供汽不足,2.5255997619910335,ramp,15,2
2024-06-03,2917,F3_L6水位过高,2.1490680333273815,sigmoid,20,1
2024-06-03,2977,F0_normal,0.0,none,-1,0
2024-06-03,2977,F1_L6换热能力下降,2.517140623750408,ramp,16,0
2024-06-03,2977,F2_L6汽侧供汽不足,2.247949923728487,sigmoid,22,0
2024-06-03,2977,F3_L6水位过高,2.2262991786969097,ramp,8,0
2024-06-03,3037,F0_normal,0.0,none,-1,0
2024-06-03,3037,F1_L6换热能力下降,2.5679858452759694,ramp,22,0
2024-06-03,3037,F2_L6汽侧供汽不足,2.187503393154341,sigmoid,15,0
2024-06-03,3037,F3_L6水位过高,2.0968974266626925,sigmoid,11,0
2024-06-03,3097,F0_normal,0.0,none,-1,0
2024-06-03,3097,F1_L6换热能力下降,2.792079657202164,ramp,13,0
2024-06-03,3097,F2_L6汽侧供汽不足,2.0198752193438305,ramp,16,0
2024-06-03,3097,F3_L6水位过高,2.160081629219199,sigmoid,21,0
2024-06-03,3157,F0_normal,0.0,none,-1,0
2024-06-03,3157,F1_L6换热能力下降,2.392691868291311,ramp,18,0
2024-06-03,3157,F2_L6汽侧供汽不足,2.8836068202831835,sigmoid,16,0
2024-06-03,3157,F3_L6水位过高,2.417016320671598,ramp,19,1
2024-06-03,3217,F0_normal,0.0,none,-1,0
2024-06-03,3217,F1_L6换热能力下降,2.2670653989706526,ramp,23,1
2024-06-03,3217,F2_L6汽侧供汽不足,2.2343901970341227,ramp,9,1
2024-06-03,3217,F3_L6水位过高,2.964385116742286,sigmoid,23,0
2024-06-03,3277,F0_normal,0.0,none,-1,0
2024-06-03,3277,F1_L6换热能力下降,2.800672912240641,ramp,12,1
2024-06-03,3277,F2_L6汽侧供汽不足,2.2339059400769194,ramp,13,0
2024-06-03,3277,F3_L6水位过高,2.7719634380791636,ramp,23,0
2024-06-03,3337,F0_normal,0.0,none,-1,0
2024-06-03,3337,F1_L6换热能力下降,2.115944799634992,ramp,21,1
2024-06-03,3337,F2_L6汽侧供汽不足,2.6903660952175388,ramp,19,0
2024-06-03,3337,F3_L6水位过高,2.8431271551846238,sigmoid,8,0
2024-06-03,3397,F0_normal,0.0,none,-1,0
2024-06-03,3397,F1_L6换热能力下降,2.3212024871812806,sigmoid,14,0
2024-06-03,3397,F2_L6汽侧供汽不足,2.2079984676607,sigmoid,17,0
2024-06-03,3397,F3_L6水位过高,2.3838639737180563,sigmoid,9,0
2024-06-03,3457,F0_normal,0.0,none,-1,0
2024-06-03,3457,F1_L6换热能力下降,2.817306028371714,ramp,22,1
2024-06-03,3457,F2_L6汽侧供汽不足,2.772408023099684,ramp,11,0
2024-06-03,3457,F3_L6水位过高,2.2572014311197206,sigmoid,21,0
2024-06-03,3517,F0_normal,0.0,none,-1,0
2024-06-03,3517,F1_L6换热能力下降,2.936023439191943,sigmoid,14,0
2024-06-03,3517,F2_L6汽侧供汽不足,2.830776684016138,ramp,22,2
2024-06-03,3517,F3_L6水位过高,2.539646937009718,ramp,23,0
2024-06-03,3577,F0_normal,0.0,none,-1,0
2024-06-03,3577,F1_L6换热能力下降,2.932764486661154,sigmoid,21,1
2024-06-03,3577,F2_L6汽侧供汽不足,2.217836080526239,sigmoid,13,0
2024-06-03,3577,F3_L6水位过高,2.2904550540921975,ramp,11,1
2024-06-03,3637,F0_normal,0.0,none,-1,0
2024-06-03,3637,F1_L6换热能力下降,2.525668914412952,sigmoid,21,0
2024-06-03,3637,F2_L6汽侧供汽不足,2.0311611064460853,sigmoid,13,0
2024-06-03,3637,F3_L6水位过高,2.606175122338616,ramp,12,0
2024-06-03,3697,F0_normal,0.0,none,-1,0
2024-06-03,3697,F1_L6换热能力下降,2.3730871975719876,sigmoid,16,0
2024-06-03,3697,F2_L6汽侧供汽不足,2.3079862416443273,ramp,23,0
2024-06-03,3697,F3_L6水位过高,2.1233086934800722,sigmoid,18,0
2024-06-03,3757,F0_normal,0.0,none,-1,0
2024-06-03,3757,F1_L6换热能力下降,2.0312974807534077,sigmoid,10,0
2024-06-03,3757,F2_L6汽侧供汽不足,2.7345362722297883,sigmoid,11,1
2024-06-03,3757,F3_L6水位过高,2.9936971359012228,sigmoid,12,1
2024-06-03,3817,F0_normal,0.0,none,-1,0
2024-06-03,3817,F1_L6换热能力下降,2.939539707447145,ramp,15,0
2024-06-03,3817,F2_L6汽侧供汽不足,2.8983280607868984,ramp,10,0
2024-06-03,3817,F3_L6水位过高,2.2924046160057783,sigmoid,8,0
2024-06-03,3877,F0_normal,0.0,none,-1,0
2024-06-03,3877,F1_L6换热能力下降,2.926366081771142,sigmoid,21,1
2024-06-03,3877,F2_L6汽侧供汽不足,2.7868665334339995,sigmoid,19,0
2024-06-03,3877,F3_L6水位过高,2.900926797349295,ramp,15,0
2024-06-03,3937,F0_normal,0.0,none,-1,0
2024-06-03,3937,F1_L6换热能力下降,2.0960103731020814,sigmoid,14,1
2024-06-03,3937,F2_L6汽侧供汽不足,2.7885844952037186,ramp,18,1
2024-06-03,3937,F3_L6水位过高,2.7684622492091138,ramp,10,0
2024-06-03,3997,F0_normal,0.0,none,-1,0
2024-06-03,3997,F1_L6换热能力下降,2.4652868593935393,ramp,9,1
2024-06-03,3997,F2_L6汽侧供汽不足,2.2744594574217043,sigmoid,13,0
2024-06-03,3997,F3_L6水位过高,2.064082814196948,sigmoid,8,1
2024-06-03,4057,F0_normal,0.0,none,-1,0
2024-06-03,4057,F1_L6换热能力下降,2.6850898738459676,ramp,23,0
2024-06-03,4057,F2_L6汽侧供汽不足,2.5726404558052143,sigmoid,16,0
2024-06-03,4057,F3_L6水位过高,2.693831976117026,sigmoid,21,2
2024-06-03,4117,F0_normal,0.0,none,-1,0
2024-06-03,4117,F1_L6换热能力下降,2.344605998903974,ramp,11,1
2024-06-03,4117,F2_L6汽侧供汽不足,2.7304468451751935,ramp,13,0
2024-06-03,4117,F3_L6水位过高,2.5396259039896587,sigmoid,13,0
2024-06-03,4177,F0_normal,0.0,none,-1,0
2024-06-03,4177,F1_L6换热能力下降,2.7505669080382855,ramp,17,1
2024-06-03,4177,F2_L6汽侧供汽不足,2.0216731566070862,sigmoid,22,0
2024-06-03,4177,F3_L6水位过高,2.6243579509170774,ramp,15,0
2024-06-03,4237,F0_normal,0.0,none,-1,0
2024-06-03,4237,F1_L6换热能力下降,2.4504610167124916,sigmoid,20,0
2024-06-03,4237,F2_L6汽侧供汽不足,2.2018047549477835,sigmoid,15,0
2024-06-03,4237,F3_L6水位过高,2.659802957494724,sigmoid,15,0
2024-06-06,7177,F0_normal,0.0,none,-1,0
2024-06-06,7177,F1_L6换热能力下降,2.21100286507389,sigmoid,23,0
2024-06-06,7177,F2_L6汽侧供汽不足,2.2477716062297324,sigmoid,11,0
2024-06-06,7177,F3_L6水位过高,2.581156130075981,ramp,17,1
2024-06-06,7237,F0_normal,0.0,none,-1,0
2024-06-06,7237,F1_L6换热能力下降,2.964480822877781,ramp,13,0
2024-06-06,7237,F2_L6汽侧供汽不足,2.0007722743425456,ramp,10,1
2024-06-06,7237,F3_L6水位过高,2.548430265354979,ramp,23,0
2024-06-06,7297,F0_normal,0.0,none,-1,0
2024-06-06,7297,F1_L6换热能力下降,2.371822279714774,sigmoid,16,0
2024-06-06,7297,F2_L6汽侧供汽不足,2.539715594789129,ramp,10,0
2024-06-06,7297,F3_L6水位过高,2.7854994262373247,sigmoid,14,0
2024-06-06,7357,F0_normal,0.0,none,-1,0
2024-06-06,7357,F1_L6换热能力下降,2.2528384600845808,ramp,10,1
2024-06-06,7357,F2_L6汽侧供汽不足,2.4250607684336885,sigmoid,22,0
2024-06-06,7357,F3_L6水位过高,2.7462056882901127,ramp,14,0
2024-06-06,7417,F0_normal,0.0,none,-1,0
2024-06-06,7417,F1_L6换热能力下降,2.7601000802237774,sigmoid,19,2
2024-06-06,7417,F2_L6汽侧供汽不足,2.515640686330008,sigmoid,14,0
2024-06-06,7417,F3_L6水位过高,2.709105916311644,ramp,14,0
2024-06-06,7477,F0_normal,0.0,none,-1,0
2024-06-06,7477,F1_L6换热能力下降,2.9322221330859186,ramp,23,1
2024-06-06,7477,F2_L6汽侧供汽不足,2.790409450269377,ramp,18,0
2024-06-06,7477,F3_L6水位过高,2.680016918212801,sigmoid,20,0
2024-06-06,7537,F0_normal,0.0,none,-1,0
2024-06-06,7537,F1_L6换热能力下降,2.3677246306764275,sigmoid,10,0
2024-06-06,7537,F2_L6汽侧供汽不足,2.8220352541746014,ramp,20,1
2024-06-06,7537,F3_L6水位过高,2.229376212615329,sigmoid,15,1
2024-06-06,7597,F0_normal,0.0,none,-1,0
2024-06-06,7597,F1_L6换热能力下降,2.665387910204466,sigmoid,15,0
2024-06-06,7597,F2_L6汽侧供汽不足,2.0819107007331237,ramp,20,0
2024-06-06,7597,F3_L6水位过高,2.8981551526722633,sigmoid,16,1
2024-06-06,7657,F0_normal,0.0,none,-1,0
2024-06-06,7657,F1_L6换热能力下降,2.9846834947262004,ramp,16,0
2024-06-06,7657,F2_L6汽侧供汽不足,2.7071936697501204,ramp,19,1
2024-06-06,7657,F3_L6水位过高,2.0552952244675886,ramp,20,0
2024-06-06,7717,F0_normal,0.0,none,-1,0
2024-06-06,7717,F1_L6换热能力下降,2.9458075208669383,ramp,22,0
2024-06-06,7717,F2_L6汽侧供汽不足,2.421287894640502,ramp,16,1
2024-06-06,7717,F3_L6水位过高,2.7935026837507584,sigmoid,22,1
2024-06-06,7777,F0_normal,0.0,none,-1,0
2024-06-06,7777,F1_L6换热能力下降,2.0723753241374663,ramp,8,0
2024-06-06,7777,F2_L6汽侧供汽不足,2.8816089690778073,sigmoid,20,0
2024-06-06,7777,F3_L6水位过高,2.7288341664737468,ramp,13,0
2024-06-06,7837,F0_normal,0.0,none,-1,0
2024-06-06,7837,F1_L6换热能力下降,2.9728539300319565,sigmoid,9,1
2024-06-06,7837,F2_L6汽侧供汽不足,2.7805771174655773,sigmoid,14,0
2024-06-06,7837,F3_L6水位过高,2.4073745677639264,sigmoid,21,1
2024-06-06,7897,F0_normal,0.0,none,-1,0
2024-06-06,7897,F1_L6换热能力下降,2.2271680590131346,sigmoid,19,0
2024-06-06,7897,F2_L6汽侧供汽不足,2.4366013274762155,sigmoid,15,0
2024-06-06,7897,F3_L6水位过高,2.506788186594202,ramp,21,3
2024-06-06,7957,F0_normal,0.0,none,-1,0
2024-06-06,7957,F1_L6换热能力下降,2.5337196831476687,ramp,23,3
2024-06-06,7957,F2_L6汽侧供汽不足,2.211208750666596,ramp,19,1
2024-06-06,7957,F3_L6水位过高,2.1373097878053295,ramp,20,0
2024-06-06,8017,F0_normal,0.0,none,-1,0
2024-06-06,8017,F1_L6换热能力下降,2.681687281309604,ramp,15,1
2024-06-06,8017,F2_L6汽侧供汽不足,2.762864621118999,sigmoid,10,0
2024-06-06,8017,F3_L6水位过高,2.420844514268215,ramp,9,1
2024-06-06,8077,F0_normal,0.0,none,-1,0
2024-06-06,8077,F1_L6换热能力下降,2.624789649012574,ramp,20,0
2024-06-06,8077,F2_L6汽侧供汽不足,2.7253212971956886,ramp,18,0
2024-06-06,8077,F3_L6水位过高,2.8177569135083327,ramp,14,0
2024-06-06,8137,F0_normal,0.0,none,-1,0
2024-06-06,8137,F1_L6换热能力下降,2.618331655240624,ramp,18,1
2024-06-06,8137,F2_L6汽侧供汽不足,2.126624177033574,sigmoid,8,0
2024-06-06,8137,F3_L6水位过高,2.6195619791783837,sigmoid,10,0
2024-06-06,8197,F0_normal,0.0,none,-1,0
2024-06-06,8197,F1_L6换热能力下降,2.0725808414418148,ramp,22,0
2024-06-06,8197,F2_L6汽侧供汽不足,2.4885947279791605,ramp,15,1
2024-06-06,8197,F3_L6水位过高,2.369554202896777,ramp,23,1
2024-06-06,8257,F0_normal,0.0,none,-1,0
2024-06-06,8257,F1_L6换热能力下降,2.019882941056607,sigmoid,11,0
2024-06-06,8257,F2_L6汽侧供汽不足,2.4568476334815093,ramp,12,0
2024-06-06,8257,F3_L6水位过高,2.3978555018378773,sigmoid,12,0
2024-06-06,8317,F0_normal,0.0,none,-1,0
2024-06-06,8317,F1_L6换热能力下降,2.8166775691835557,ramp,16,2
2024-06-06,8317,F2_L6汽侧供汽不足,2.93432497748263,sigmoid,19,0
2024-06-06,8317,F3_L6水位过高,2.6665445459017674,sigmoid,13,0
2024-06-06,8377,F0_normal,0.0,none,-1,0
2024-06-06,8377,F1_L6换热能力下降,2.7864252560933696,sigmoid,19,0
2024-06-06,8377,F2_L6汽侧供汽不足,2.149114321221059,sigmoid,17,0
2024-06-06,8377,F3_L6水位过高,2.7171436828009896,ramp,11,0
2024-06-06,8437,F0_normal,0.0,none,-1,0
2024-06-06,8437,F1_L6换热能力下降,2.0727359627507314,sigmoid,16,0
2024-06-06,8437,F2_L6汽侧供汽不足,2.8563819030501505,sigmoid,12,0
2024-06-06,8437,F3_L6水位过高,2.1891016088121704,ramp,21,0
2024-06-06,8497,F0_normal,0.0,none,-1,0
2024-06-06,8497,F1_L6换热能力下降,2.149987908591341,sigmoid,19,0
2024-06-06,8497,F2_L6汽侧供汽不足,2.620716216575227,ramp,14,0
2024-06-06,8497,F3_L6水位过高,2.981691380969758,ramp,22,0
2024-06-06,8557,F0_normal,0.0,none,-1,0
2024-06-06,8557,F1_L6换热能力下降,2.6592161026317225,sigmoid,8,1
2024-06-06,8557,F2_L6汽侧供汽不足,2.4370458755056044,ramp,11,0
2024-06-06,8557,F3_L6水位过高,2.5544301328873,ramp,12,0
2024-06-07,8617,F0_normal,0.0,none,-1,0
2024-06-07,8617,F1_L6换热能力下降,2.528268533066665,ramp,22,0
2024-06-07,8617,F2_L6汽侧供汽不足,2.083566157009812,ramp,19,0
2024-06-07,8617,F3_L6水位过高,2.9643086517893127,ramp,23,0
2024-06-07,8677,F0_normal,0.0,none,-1,0
2024-06-07,8677,F1_L6换热能力下降,2.981455108552052,sigmoid,9,2
2024-06-07,8677,F2_L6汽侧供汽不足,2.8903846705055334,sigmoid,15,0
2024-06-07,8677,F3_L6水位过高,2.5457740318637434,sigmoid,14,1
2024-06-07,8737,F0_normal,0.0,none,-1,0
2024-06-07,8737,F1_L6换热能力下降,2.7346950237880017,sigmoid,15,0
2024-06-07,8737,F2_L6汽侧供汽不足,2.8005425023211004,sigmoid,16,0
2024-06-07,8737,F3_L6水位过高,2.232026089959325,sigmoid,18,0
2024-06-07,8797,F0_normal,0.0,none,-1,0
2024-06-07,8797,F1_L6换热能力下降,2.489219038392366,ramp,18,0
2024-06-07,8797,F2_L6汽侧供汽不足,2.5241333452098673,ramp,20,0
2024-06-07,8797,F3_L6水位过高,2.4671833128675122,sigmoid,20,0
2024-06-07,8857,F0_normal,0.0,none,-1,0
2024-06-07,8857,F1_L6换热能力下降,2.196745340876612,ramp,17,0
2024-06-07,8857,F2_L6汽侧供汽不足,2.4182625389572556,ramp,18,0
2024-06-07,8857,F3_L6水位过高,2.9479323780312985,sigmoid,10,1
2024-06-07,8917,F0_normal,0.0,none,-1,0
2024-06-07,8917,F1_L6换热能力下降,2.836882351704113,sigmoid,20,1
2024-06-07,8917,F2_L6汽侧供汽不足,2.030124679401179,sigmoid,12,1
2024-06-07,8917,F3_L6水位过高,2.1016093752935463,sigmoid,14,2
2024-06-07,8977,F0_normal,0.0,none,-1,0
2024-06-07,8977,F1_L6换热能力下降,2.7611082548687405,sigmoid,23,2
2024-06-07,8977,F2_L6汽侧供汽不足,2.446686794093949,sigmoid,8,1
2024-06-07,8977,F3_L6水位过高,2.879622125537874,ramp,23,0
2024-06-07,9037,F0_normal,0.0,none,-1,0
2024-06-07,9037,F1_L6换热能力下降,2.177790335387033,ramp,23,0
2024-06-07,9037,F2_L6汽侧供汽不足,2.0782822419809723,ramp,11,0
2024-06-07,9037,F3_L6水位过高,2.824440254844471,sigmoid,12,0
2024-06-07,9097,F0_normal,0.0,none,-1,0
2024-06-07,9097,F1_L6换热能力下降,2.2422366158471267,ramp,17,0
2024-06-07,9097,F2_L6汽侧供汽不足,2.8249740033273474,sigmoid,16,0
2024-06-07,9097,F3_L6水位过高,2.55899763665944,sigmoid,13,0
2024-06-07,9157,F0_normal,0.0,none,-1,0
2024-06-07,9157,F1_L6换热能力下降,2.550216234824215,ramp,16,0
2024-06-07,9157,F2_L6汽侧供汽不足,2.6711873044780483,ramp,13,0
2024-06-07,9157,F3_L6水位过高,2.585792810267581,ramp,20,0
2024-06-07,9217,F0_normal,0.0,none,-1,0
2024-06-07,9217,F1_L6换热能力下降,2.926663235349901,sigmoid,16,0
2024-06-07,9217,F2_L6汽侧供汽不足,2.113791848641778,ramp,18,0
2024-06-07,9217,F3_L6水位过高,2.1886120460000305,ramp,21,0
2024-06-07,9277,F0_normal,0.0,none,-1,0
2024-06-07,9277,F1_L6换热能力下降,2.766478085108252,sigmoid,14,0
2024-06-07,9277,F2_L6汽侧供汽不足,2.687904865554111,ramp,17,0
2024-06-07,9277,F3_L6水位过高,2.2956902829381205,ramp,17,0
2024-06-07,9337,F0_normal,0.0,none,-1,0
2024-06-07,9337,F1_L6换热能力下降,2.074278765493539,ramp,10,1
2024-06-07,9337,F2_L6汽侧供汽不足,2.110560537070036,ramp,20,1
2024-06-07,9337,F3_L6水位过高,2.6979822484993567,ramp,17,1
2024-06-07,9397,F0_normal,0.0,none,-1,0
2024-06-07,9397,F1_L6换热能力下降,2.45656792753066,ramp,8,0
2024-06-07,9397,F2_L6汽侧供汽不足,2.9654708277290442,sigmoid,19,0
2024-06-07,9397,F3_L6水位过高,2.474576253337515,sigmoid,9,0
2024-06-07,9457,F0_normal,0.0,none,-1,0
2024-06-07,9457,F1_L6换热能力下降,2.1340753887856136,sigmoid,21,0
2024-06-07,9457,F2_L6汽侧供汽不足,2.3258129592895225,ramp,16,0
2024-06-07,9457,F3_L6水位过高,2.669863815488187,ramp,15,1
2024-06-07,9517,F0_normal,0.0,none,-1,0
2024-06-07,9517,F1_L6换热能力下降,2.219575580663556,ramp,11,0
2024-06-07,9517,F2_L6汽侧供汽不足,2.819557480706566,ramp,13,0
2024-06-07,9517,F3_L6水位过高,2.8728017279288736,ramp,8,1
2024-06-07,9577,F0_normal,0.0,none,-1,0
2024-06-07,9577,F1_L6换热能力下降,2.8444168340574305,ramp,16,0
2024-06-07,9577,F2_L6汽侧供汽不足,2.6121633041560735,sigmoid,21,0
2024-06-07,9577,F3_L6水位过高,2.0707066864857513,sigmoid,20,1
2024-06-07,9637,F0_normal,0.0,none,-1,0
2024-06-07,9637,F1_L6换热能力下降,2.278025326586012,sigmoid,21,1
2024-06-07,9637,F2_L6汽侧供汽不足,2.304755050161436,ramp,13,1
2024-06-07,9637,F3_L6水位过高,2.833803826695201,ramp,15,0
2024-06-07,9697,F0_normal,0.0,none,-1,0
2024-06-07,9697,F1_L6换热能力下降,2.1282480421131846,sigmoid,9,0
2024-06-07,9697,F2_L6汽侧供汽不足,2.6775833203599353,ramp,15,1
2024-06-07,9697,F3_L6水位过高,2.659407878201102,ramp,22,0
2024-06-07,9757,F0_normal,0.0,none,-1,0
2024-06-07,9757,F1_L6换热能力下降,2.5349725002791543,ramp,10,0
2024-06-07,9757,F2_L6汽侧供汽不足,2.500452554677236,ramp,13,1
2024-06-07,9757,F3_L6水位过高,2.7008649561759195,ramp,21,0
2024-06-07,9817,F0_normal,0.0,none,-1,0
2024-06-07,9817,F1_L6换热能力下降,2.5954515426852245,ramp,22,0
2024-06-07,9817,F2_L6汽侧供汽不足,2.98772822563351,ramp,11,1
2024-06-07,9817,F3_L6水位过高,2.3486973591181792,sigmoid,8,0
2024-06-07,9877,F0_normal,0.0,none,-1,0
2024-06-07,9877,F1_L6换热能力下降,2.834893728958598,sigmoid,16,0
2024-06-07,9877,F2_L6汽侧供汽不足,2.152367835084825,ramp,12,0
2024-06-07,9877,F3_L6水位过高,2.8281930210569906,ramp,12,0
2024-06-07,9937,F0_normal,0.0,none,-1,0
2024-06-07,9937,F1_L6换热能力下降,2.8961997236961663,ramp,11,1
2024-06-07,9937,F2_L6汽侧供汽不足,2.0002892062636457,sigmoid,20,0
2024-06-07,9937,F3_L6水位过高,2.2300380028267934,sigmoid,10,0
2024-06-07,9997,F0_normal,0.0,none,-1,0
2024-06-07,9997,F1_L6换热能力下降,2.5129957157742355,sigmoid,18,0
2024-06-07,9997,F2_L6汽侧供汽不足,2.0035359339062064,ramp,12,0
2024-06-07,9997,F3_L6水位过高,2.6436651344006084,ramp,22,0
2024-06-08,10057,F0_normal,0.0,none,-1,0
2024-06-08,10057,F1_L6换热能力下降,2.246580668096069,sigmoid,21,0
2024-06-08,10057,F2_L6汽侧供汽不足,2.2916971802713055,sigmoid,8,0
2024-06-08,10057,F3_L6水位过高,2.3763788141542603,sigmoid,20,1
2024-06-08,10117,F0_normal,0.0,none,-1,0
2024-06-08,10117,F1_L6换热能力下降,2.706673501520658,sigmoid,19,0
2024-06-08,10117,F2_L6汽侧供汽不足,2.9726188783447522,sigmoid,14,0
2024-06-08,10117,F3_L6水位过高,2.464686066111065,ramp,15,0
2024-06-08,10177,F0_normal,0.0,none,-1,0
2024-06-08,10177,F1_L6换热能力下降,2.7831954527937883,sigmoid,19,1
2024-06-08,10177,F2_L6汽侧供汽不足,2.8690417132405344,sigmoid,23,1
2024-06-08,10177,F3_L6水位过高,2.8721298082409517,ramp,16,0
2024-06-08,10237,F0_normal,0.0,none,-1,0
2024-06-08,10237,F1_L6换热能力下降,2.557790608001546,sigmoid,20,0
2024-06-08,10237,F2_L6汽侧供汽不足,2.001520313545991,sigmoid,18,0
2024-06-08,10237,F3_L6水位过高,2.7548018101380296,sigmoid,20,0
2024-06-08,10297,F0_normal,0.0,none,-1,0
2024-06-08,10297,F1_L6换热能力下降,2.5374989589696355,sigmoid,15,0
2024-06-08,10297,F2_L6汽侧供汽不足,2.5793597916222404,sigmoid,8,0
2024-06-08,10297,F3_L6水位过高,2.734775168786692,sigmoid,11,0
2024-06-08,10357,F0_normal,0.0,none,-1,0
2024-06-08,10357,F1_L6换热能力下降,2.8924200788720493,sigmoid,17,0
2024-06-08,10357,F2_L6汽侧供汽不足,2.138278983304225,ramp,23,1
2024-06-08,10357,F3_L6水位过高,2.4267420809017106,sigmoid,20,0
2024-06-08,10417,F0_normal,0.0,none,-1,0
2024-06-08,10417,F1_L6换热能力下降,2.380962771368386,ramp,9,0
2024-06-08,10417,F2_L6汽侧供汽不足,2.4047676298765013,sigmoid,9,1
2024-06-08,10417,F3_L6水位过高,2.973049880836331,ramp,20,1
2024-06-08,10477,F0_normal,0.0,none,-1,0
2024-06-08,10477,F1_L6换热能力下降,2.7121712186776996,ramp,16,0
2024-06-08,10477,F2_L6汽侧供汽不足,2.884959155192515,ramp,23,2
2024-06-08,10477,F3_L6水位过高,2.614203121645473,sigmoid,12,2
2024-06-08,10537,F0_normal,0.0,none,-1,0
2024-06-08,10537,F1_L6换热能力下降,2.5161527462862336,sigmoid,12,0
2024-06-08,10537,F2_L6汽侧供汽不足,2.552814947647227,ramp,21,0
2024-06-08,10537,F3_L6水位过高,2.7224613892464946,ramp,14,0
2024-06-08,10597,F0_normal,0.0,none,-1,0
2024-06-08,10597,F1_L6换热能力下降,2.6972590206961344,ramp,11,0
2024-06-08,10597,F2_L6汽侧供汽不足,2.1300709456085096,sigmoid,21,0
2024-06-08,10597,F3_L6水位过高,2.0332647686923755,ramp,18,0
2024-06-08,10657,F0_normal,0.0,none,-1,0
2024-06-08,10657,F1_L6换热能力下降,2.4348736971331792,sigmoid,11,0
2024-06-08,10657,F2_L6汽侧供汽不足,2.147383081827991,ramp,22,0
2024-06-08,10657,F3_L6水位过高,2.4356632548518986,ramp,12,0
2024-06-08,10717,F0_normal,0.0,none,-1,0
2024-06-08,10717,F1_L6换热能力下降,2.8221315882086917,sigmoid,23,1
2024-06-08,10717,F2_L6汽侧供汽不足,2.714638598729887,sigmoid,19,0
2024-06-08,10717,F3_L6水位过高,2.1717726944161777,sigmoid,10,0
2024-06-08,10777,F0_normal,0.0,none,-1,0
2024-06-08,10777,F1_L6换热能力下降,2.1736103641185753,ramp,23,0
2024-06-08,10777,F2_L6汽侧供汽不足,2.0601986231189726,sigmoid,20,0
2024-06-08,10777,F3_L6水位过高,2.666883061832645,ramp,17,0
2024-06-08,10837,F0_normal,0.0,none,-1,0
2024-06-08,10837,F1_L6换热能力下降,2.0508983402407894,ramp,9,0
2024-06-08,10837,F2_L6汽侧供汽不足,2.8500876558508716,ramp,12,0
2024-06-08,10837,F3_L6水位过高,2.0613115119386194,ramp,11,1
2024-06-08,10897,F0_normal,0.0,none,-1,0
2024-06-08,10897,F1_L6换热能力下降,2.0633303440209487,ramp,14,1
2024-06-08,10897,F2_L6汽侧供汽不足,2.9582984344800125,sigmoid,8,0
2024-06-08,10897,F3_L6水位过高,2.6500468796775816,ramp,8,2
2024-06-08,10957,F0_normal,0.0,none,-1,0
2024-06-08,10957,F1_L6换热能力下降,2.866067552306633,ramp,15,1
2024-06-08,10957,F2_L6汽侧供汽不足,2.2287893814096713,ramp,20,0
2024-06-08,10957,F3_L6水位过高,2.2970642731590676,sigmoid,23,0
2024-06-08,11017,F0_normal,0.0,none,-1,0
2024-06-08,11017,F1_L6换热能力下降,2.7342806543356546,sigmoid,16,0
2024-06-08,11017,F2_L6汽侧供汽不足,2.717963855824201,ramp,12,0
2024-06-08,11017,F3_L6水位过高,2.6880132418373286,ramp,15,0
2024-06-08,11077,F0_normal,0.0,none,-1,0
2024-06-08,11077,F1_L6换热能力下降,2.5247274358311786,sigmoid,10,0
2024-06-08,11077,F2_L6汽侧供汽不足,2.3851932570186394,sigmoid,12,0
2024-06-08,11077,F3_L6水位过高,2.542192236849611,ramp,11,0
2024-06-08,11137,F0_normal,0.0,none,-1,0
2024-06-08,11137,F1_L6换热能力下降,2.0062631507654336,sigmoid,8,1
2024-06-08,11137,F2_L6汽侧供汽不足,2.1326177062701355,ramp,10,0
2024-06-08,11137,F3_L6水位过高,2.3925415580538445,ramp,9,1
2024-06-08,11197,F0_normal,0.0,none,-1,0
2024-06-08,11197,F1_L6换热能力下降,2.1391394928944596,sigmoid,11,0
2024-06-08,11197,F2_L6汽侧供汽不足,2.878312590483404,sigmoid,19,2
2024-06-08,11197,F3_L6水位过高,2.3958437339629466,sigmoid,23,1
2024-06-08,11257,F0_normal,0.0,none,-1,0
2024-06-08,11257,F1_L6换热能力下降,2.2987228306069505,ramp,11,0
2024-06-08,11257,F2_L6汽侧供汽不足,2.3993014511969504,ramp,18,0
2024-06-08,11257,F3_L6水位过高,2.3236805639514193,sigmoid,16,0
2024-06-08,11317,F0_normal,0.0,none,-1,0
2024-06-08,11317,F1_L6换热能力下降,2.418038296991265,sigmoid,19,1
2024-06-08,11317,F2_L6汽侧供汽不足,2.8552498580222005,sigmoid,23,0
2024-06-08,11317,F3_L6水位过高,2.406073951288176,ramp,13,0
2024-06-08,11377,F0_normal,0.0,none,-1,0
2024-06-08,11377,F1_L6换热能力下降,2.205976734855547,sigmoid,21,1
2024-06-08,11377,F2_L6汽侧供汽不足,2.5971919736206788,sigmoid,17,0
2024-06-08,11377,F3_L6水位过高,2.5170901468510207,ramp,18,0
2024-06-08,11437,F0_normal,0.0,none,-1,0
2024-06-08,11437,F1_L6换热能力下降,2.41513832733214,ramp,17,0
2024-06-08,11437,F2_L6汽侧供汽不足,2.285830723452922,sigmoid,20,0
2024-06-08,11437,F3_L6水位过高,2.8485346415406387,sigmoid,18,0
2024-06-11,14377,F0_normal,0.0,none,-1,0
2024-06-11,14377,F1_L6换热能力下降,2.760863433690234,ramp,23,0
2024-06-11,14377,F2_L6汽侧供汽不足,2.197588527192489,sigmoid,16,0
2024-06-11,14377,F3_L6水位过高,2.1435238667365133,sigmoid,13,1
2024-06-11,14437,F0_normal,0.0,none,-1,0
2024-06-11,14437,F1_L6换热能力下降,2.166644905617833,ramp,14,0
2024-06-11,14437,F2_L6汽侧供汽不足,2.58049237194674,ramp,15,0
2024-06-11,14437,F3_L6水位过高,2.3085554318635313,ramp,16,0
2024-06-11,14497,F0_normal,0.0,none,-1,0
2024-06-11,14497,F1_L6换热能力下降,2.3158616523519666,sigmoid,21,0
2024-06-11,14497,F2_L6汽侧供汽不足,2.117282287509239,sigmoid,9,1
2024-06-11,14497,F3_L6水位过高,2.829620833262341,sigmoid,15,0
2024-06-11,14557,F0_normal,0.0,none,-1,0
2024-06-11,14557,F1_L6换热能力下降,2.237209528657707,sigmoid,21,3
2024-06-11,14557,F2_L6汽侧供汽不足,2.1154822359038237,sigmoid,8,0
2024-06-11,14557,F3_L6水位过高,2.3670848637969812,sigmoid,18,2
2024-06-11,14617,F0_normal,0.0,none,-1,0
2024-06-11,14617,F1_L6换热能力下降,2.5040053948691554,sigmoid,21,0
2024-06-11,14617,F2_L6汽侧供汽不足,2.597976532171804,ramp,8,0
2024-06-11,14617,F3_L6水位过高,2.161410380847214,ramp,13,0
2024-06-11,14677,F0_normal,0.0,none,-1,0
2024-06-11,14677,F1_L6换热能力下降,2.677893695424217,sigmoid,23,2
2024-06-11,14677,F2_L6汽侧供汽不足,2.7175235441496337,sigmoid,19,0
2024-06-11,14677,F3_L6水位过高,2.265608873579358,sigmoid,22,0
2024-06-11,14737,F0_normal,0.0,none,-1,0
2024-06-11,14737,F1_L6换热能力下降,2.2038677788726995,sigmoid,17,1
2024-06-11,14737,F2_L6汽侧供汽不足,2.8246762396008465,sigmoid,15,0
2024-06-11,14737,F3_L6水位过高,2.0383206136393515,ramp,15,1
2024-06-11,14797,F0_normal,0.0,none,-1,0
2024-06-11,14797,F1_L6换热能力下降,2.061751280945326,ramp,21,0
2024-06-11,14797,F2_L6汽侧供汽不足,2.241086101242926,sigmoid,9,0
2024-06-11,14797,F3_L6水位过高,2.117476324610885,ramp,22,0
2024-06-11,14857,F0_normal,0.0,none,-1,0
2024-06-11,14857,F1_L6换热能力下降,2.5346371101694105,sigmoid,19,0
2024-06-11,14857,F2_L6汽侧供汽不足,2.0519008938081433,sigmoid,18,0
2024-06-11,14857,F3_L6水位过高,2.6150538104657923,ramp,8,0
2024-06-11,14917,F0_normal,0.0,none,-1,0
2024-06-11,14917,F1_L6换热能力下降,2.0921488118537197,ramp,10,1
2024-06-11,14917,F2_L6汽侧供汽不足,2.7135489204804637,sigmoid,12,0
2024-06-11,14917,F3_L6水位过高,2.532590160396459,sigmoid,11,0
2024-06-11,14977,F0_normal,0.0,none,-1,0
2024-06-11,14977,F1_L6换热能力下降,2.8580945846373185,sigmoid,9,0
2024-06-11,14977,F2_L6汽侧供汽不足,2.6116575788467555,sigmoid,12,0
2024-06-11,14977,F3_L6水位过高,2.827086456638779,ramp,18,0
2024-06-11,15037,F0_normal,0.0,none,-1,0
2024-06-11,15037,F1_L6换热能力下降,2.2018369063746754,sigmoid,22,0
2024-06-11,15037,F2_L6汽侧供汽不足,2.8329827703997537,ramp,13,0
2024-06-11,15037,F3_L6水位过高,2.3318734696953194,ramp,19,0
2024-06-11,15097,F0_normal,0.0,none,-1,0
2024-06-11,15097,F1_L6换热能力下降,2.2554263179346226,sigmoid,10,0
2024-06-11,15097,F2_L6汽侧供汽不足,2.77410666674439,sigmoid,9,0
2024-06-11,15097,F3_L6水位过高,2.1502057629934415,sigmoid,15,0
2024-06-11,15157,F0_normal,0.0,none,-1,0
2024-06-11,15157,F1_L6换热能力下降,2.109997101758565,ramp,15,0
2024-06-11,15157,F2_L6汽侧供汽不足,2.64804021427596,sigmoid,11,0
2024-06-11,15157,F3_L6水位过高,2.5503116265526784,sigmoid,18,1
2024-06-11,15217,F0_normal,0.0,none,-1,0
2024-06-11,15217,F1_L6换热能力下降,2.8900924155435197,sigmoid,18,0
2024-06-11,15217,F2_L6汽侧供汽不足,2.644011234462343,sigmoid,12,0
2024-06-11,15217,F3_L6水位过高,2.1894672366716073,ramp,15,0
2024-06-11,15277,F0_normal,0.0,none,-1,0
2024-06-11,15277,F1_L6换热能力下降,2.2372375643245195,sigmoid,23,0
2024-06-11,15277,F2_L6汽侧供汽不足,2.5436495907659085,ramp,22,2
2024-06-11,15277,F3_L6水位过高,2.9462968598964405,sigmoid,16,0
2024-06-11,15337,F0_normal,0.0,none,-1,0
2024-06-11,15337,F1_L6换热能力下降,2.462322769545283,ramp,14,1
2024-06-11,15337,F2_L6汽侧供汽不足,2.6501768099927645,sigmoid,23,0
2024-06-11,15337,F3_L6水位过高,2.6881583548206534,ramp,14,0
2024-06-11,15397,F0_normal,0.0,none,-1,0
2024-06-11,15397,F1_L6换热能力下降,2.1906652909341062,sigmoid,8,0
2024-06-11,15397,F2_L6汽侧供汽不足,2.4197135551009543,sigmoid,9,0
2024-06-11,15397,F3_L6水位过高,2.2983474157107553,ramp,14,1
2024-06-11,15457,F0_normal,0.0,none,-1,0
2024-06-11,15457,F1_L6换热能力下降,2.9165031977358216,ramp,17,0
2024-06-11,15457,F2_L6汽侧供汽不足,2.457099304147915,ramp,10,0
2024-06-11,15457,F3_L6水位过高,2.9745368641004224,sigmoid,8,0
2024-06-11,15517,F0_normal,0.0,none,-1,0
2024-06-11,15517,F1_L6换热能力下降,2.12134914165475,sigmoid,16,0
2024-06-11,15517,F2_L6汽侧供汽不足,2.988769586101105,ramp,12,0
2024-06-11,15517,F3_L6水位过高,2.079903735833111,ramp,15,1
2024-06-11,15577,F0_normal,0.0,none,-1,0
2024-06-11,15577,F1_L6换热能力下降,2.7857829921070443,ramp,19,0
2024-06-11,15577,F2_L6汽侧供汽不足,2.369779989595667,ramp,15,0
2024-06-11,15577,F3_L6水位过高,2.580385384343941,ramp,19,1
2024-06-11,15637,F0_normal,0.0,none,-1,0
2024-06-11,15637,F1_L6换热能力下降,2.0427338183043457,ramp,18,0
2024-06-11,15637,F2_L6汽侧供汽不足,2.02765858157687,ramp,10,0
2024-06-11,15637,F3_L6水位过高,2.844198175122715,sigmoid,23,0
2024-06-11,15697,F0_normal,0.0,none,-1,0
2024-06-11,15697,F1_L6换热能力下降,2.335157940824817,sigmoid,14,1
2024-06-11,15697,F2_L6汽侧供汽不足,2.188450736020756,sigmoid,20,1
2024-06-11,15697,F3_L6水位过高,2.0879801546962837,sigmoid,20,0
2024-06-11,15757,F0_normal,0.0,none,-1,0
2024-06-11,15757,F1_L6换热能力下降,2.3895970389890473,ramp,22,0
2024-06-11,15757,F2_L6汽侧供汽不足,2.4928099544982327,sigmoid,14,0
2024-06-11,15757,F3_L6水位过高,2.088257208625191,sigmoid,15,0
2024-06-12,15817,F0_normal,0.0,none,-1,0
2024-06-12,15817,F1_L6换热能力下降,2.4627457501097445,ramp,10,0
2024-06-12,15817,F2_L6汽侧供汽不足,2.2368538215422618,ramp,19,0
2024-06-12,15817,F3_L6水位过高,2.1122157605003604,sigmoid,20,1
2024-06-12,15877,F0_normal,0.0,none,-1,0
2024-06-12,15877,F1_L6换热能力下降,2.409870623168361,sigmoid,17,2
2024-06-12,15877,F2_L6汽侧供汽不足,2.002991269683009,ramp,12,1
2024-06-12,15877,F3_L6水位过高,2.0329398531215435,ramp,9,0
2024-06-12,15937,F0_normal,0.0,none,-1,0
2024-06-12,15937,F1_L6换热能力下降,2.3083287872600566,sigmoid,10,1
2024-06-12,15937,F2_L6汽侧供汽不足,2.828981061976552,sigmoid,12,0
2024-06-12,15937,F3_L6水位过高,2.841949402515716,ramp,9,0
2024-06-12,15997,F0_normal,0.0,none,-1,0
2024-06-12,15997,F1_L6换热能力下降,2.1313527090841276,ramp,19,0
2024-06-12,15997,F2_L6汽侧供汽不足,2.63882936674374,ramp,8,1
2024-06-12,15997,F3_L6水位过高,2.720253813170427,sigmoid,11,0
2024-06-12,16057,F0_normal,0.0,none,-1,0
2024-06-12,16057,F1_L6换热能力下降,2.315344243246926,ramp,20,0
2024-06-12,16057,F2_L6汽侧供汽不足,2.803632024067463,sigmoid,14,1
2024-06-12,16057,F3_L6水位过高,2.7091556003629904,sigmoid,17,0
2024-06-12,16117,F0_normal,0.0,none,-1,0
2024-06-12,16117,F1_L6换热能力下降,2.8558021197287786,ramp,16,0
2024-06-12,16117,F2_L6汽侧供汽不足,2.6471503420582447,ramp,16,1
2024-06-12,16117,F3_L6水位过高,2.4577398479239476,ramp,9,0
2024-06-12,16177,F0_normal,0.0,none,-1,0
2024-06-12,16177,F1_L6换热能力下降,2.4565431201350307,sigmoid,22,0
2024-06-12,16177,F2_L6汽侧供汽不足,2.36198199295704,ramp,23,1
2024-06-12,16177,F3_L6水位过高,2.351257551633288,ramp,16,0
2024-06-12,16237,F0_normal,0.0,none,-1,0
2024-06-12,16237,F1_L6换热能力下降,2.262961237554083,ramp,20,1
2024-06-12,16237,F2_L6汽侧供汽不足,2.878605301455225,ramp,17,0
2024-06-12,16237,F3_L6水位过高,2.5244768878882726,ramp,9,1
2024-06-12,16297,F0_normal,0.0,none,-1,0
2024-06-12,16297,F1_L6换热能力下降,2.8247810598677723,sigmoid,17,0
2024-06-12,16297,F2_L6汽侧供汽不足,2.8994144255028496,ramp,8,0
2024-06-12,16297,F3_L6水位过高,2.8774884710311217,sigmoid,20,1
2024-06-12,16357,F0_normal,0.0,none,-1,0
2024-06-12,16357,F1_L6换热能力下降,2.726959049332733,sigmoid,13,0
2024-06-12,16357,F2_L6汽侧供汽不足,2.9461670182475403,sigmoid,11,0
2024-06-12,16357,F3_L6水位过高,2.2289121695883787,ramp,16,0
2024-06-12,16417,F0_normal,0.0,none,-1,0
2024-06-12,16417,F1_L6换热能力下降,2.331917448296161,ramp,13,1
2024-06-12,16417,F2_L6汽侧供汽不足,2.431872812653775,ramp,12,1
2024-06-12,16417,F3_L6水位过高,2.599833794692205,ramp,21,0
2024-06-12,16477,F0_normal,0.0,none,-1,0
2024-06-12,16477,F1_L6换热能力下降,2.06679587408934,ramp,9,0
2024-06-12,16477,F2_L6汽侧供汽不足,2.3630385198073056,sigmoid,23,0
2024-06-12,16477,F3_L6水位过高,2.2495827189501054,sigmoid,17,1
2024-06-12,16537,F0_normal,0.0,none,-1,0
2024-06-12,16537,F1_L6换热能力下降,2.645446268192026,sigmoid,15,1
2024-06-12,16537,F2_L6汽侧供汽不足,2.7278418869134193,sigmoid,12,1
2024-06-12,16537,F3_L6水位过高,2.323835482705763,sigmoid,20,1
2024-06-12,16597,F0_normal,0.0,none,-1,0
2024-06-12,16597,F1_L6换热能力下降,2.74499848615557,ramp,12,0
2024-06-12,16597,F2_L6汽侧供汽不足,2.197218393954955,ramp,19,0
2024-06-12,16597,F3_L6水位过高,2.291374439051259,sigmoid,23,1
2024-06-12,16657,F0_normal,0.0,none,-1,0
2024-06-12,16657,F1_L6换热能力下降,2.708414203609245,ramp,9,0
2024-06-12,16657,F2_L6汽侧供汽不足,2.131644991824177,sigmoid,9,2
2024-06-12,16657,F3_L6水位过高,2.372289945304761,sigmoid,9,0
2024-06-12,16717,F0_normal,0.0,none,-1,0
2024-06-12,16717,F1_L6换热能力下降,2.752928586425587,sigmoid,8,1
2024-06-12,16717,F2_L6汽侧供汽不足,2.5795850666134754,ramp,8,1
2024-06-12,16717,F3_L6水位过高,2.760586487873407,sigmoid,21,0
2024-06-12,16777,F0_normal,0.0,none,-1,0
2024-06-12,16777,F1_L6换热能力下降,2.2373187444032743,ramp,23,0
2024-06-12,16777,F2_L6汽侧供汽不足,2.2556576675725637,ramp,23,0
2024-06-12,16777,F3_L6水位过高,2.9234887043341957,ramp,8,0
2024-06-12,16837,F0_normal,0.0,none,-1,0
2024-06-12,16837,F1_L6换热能力下降,2.6481798782187176,ramp,14,0
2024-06-12,16837,F2_L6汽侧供汽不足,2.699515271193343,sigmoid,11,0
2024-06-12,16837,F3_L6水位过高,2.992536973173694,ramp,20,0
2024-06-12,16897,F0_normal,0.0,none,-1,0
2024-06-12,16897,F1_L6换热能力下降,2.8180892132095807,ramp,22,0
2024-06-12,16897,F2_L6汽侧供汽不足,2.388722794932278,ramp,15,0
2024-06-12,16897,F3_L6水位过高,2.495012274696286,ramp,8,0
2024-06-12,16957,F0_normal,0.0,none,-1,0
2024-06-12,16957,F1_L6换热能力下降,2.8242472761657313,ramp,16,1
2024-06-12,16957,F2_L6汽侧供汽不足,2.943981970125627,sigmoid,10,0
2024-06-12,16957,F3_L6水位过高,2.0173779130425964,ramp,8,0
2024-06-12,17017,F0_normal,0.0,none,-1,0
2024-06-12,17017,F1_L6换热能力下降,2.8685352458547912,sigmoid,12,1
2024-06-12,17017,F2_L6汽侧供汽不足,2.007706325154963,sigmoid,18,0
2024-06-12,17017,F3_L6水位过高,2.1671781131724694,sigmoid,18,0
2024-06-12,17077,F0_normal,0.0,none,-1,0
2024-06-12,17077,F1_L6换热能力下降,2.344710078260235,sigmoid,23,0
2024-06-12,17077,F2_L6汽侧供汽不足,2.866806453307389,ramp,16,0
2024-06-12,17077,F3_L6水位过高,2.214373252935034,ramp,13,1
2024-06-12,17137,F0_normal,0.0,none,-1,0
2024-06-12,17137,F1_L6换热能力下降,2.032376816451512,ramp,11,0
2024-06-12,17137,F2_L6汽侧供汽不足,2.6434261950870335,sigmoid,21,0
2024-06-12,17137,F3_L6水位过高,2.5545315007063776,ramp,12,0
2024-06-12,17197,F0_normal,0.0,none,-1,0
2024-06-12,17197,F1_L6换热能力下降,2.2969913333356784,ramp,21,0
2024-06-12,17197,F2_L6汽侧供汽不足,2.544320468676065,ramp,14,0
2024-06-12,17197,F3_L6水位过高,2.8235683221693577,sigmoid,8,1
2024-06-13,17257,F0_normal,0.0,none,-1,0
2024-06-13,17257,F1_L6换热能力下降,2.853409014693191,ramp,13,0
2024-06-13,17257,F2_L6汽侧供汽不足,2.845942292259093,ramp,12,0
2024-06-13,17257,F3_L6水位过高,2.6455605245348317,sigmoid,22,0
2024-06-13,17317,F0_normal,0.0,none,-1,0
2024-06-13,17317,F1_L6换热能力下降,2.430201582828576,sigmoid,13,0
2024-06-13,17317,F2_L6汽侧供汽不足,2.6521792688343533,sigmoid,13,0
2024-06-13,17317,F3_L6水位过高,2.588546465422799,ramp,8,0
2024-06-13,17377,F0_normal,0.0,none,-1,0
2024-06-13,17377,F1_L6换热能力下降,2.164344450276544,sigmoid,15,0
2024-06-13,17377,F2_L6汽侧供汽不足,2.2030049037870976,sigmoid,19,0
2024-06-13,17377,F3_L6水位过高,2.1494363147002016,ramp,21,0
2024-06-13,17437,F0_normal,0.0,none,-1,0
2024-06-13,17437,F1_L6换热能力下降,2.256310119464562,sigmoid,16,0
2024-06-13,17437,F2_L6汽侧供汽不足,2.165124094197273,ramp,10,0
2024-06-13,17437,F3_L6水位过高,2.7110481840267013,ramp,19,1
2024-06-13,17497,F0_normal,0.0,none,-1,0
2024-06-13,17497,F1_L6换热能力下降,2.0170890927929648,ramp,15,0
2024-06-13,17497,F2_L6汽侧供汽不足,2.52252589603259,ramp,20,0
2024-06-13,17497,F3_L6水位过高,2.7735009543104026,sigmoid,18,0
2024-06-13,17557,F0_normal,0.0,none,-1,0
2024-06-13,17557,F1_L6换热能力下降,2.894942162861186,ramp,21,0
2024-06-13,17557,F2_L6汽侧供汽不足,2.0557766482443123,sigmoid,11,0
2024-06-13,17557,F3_L6水位过高,2.053508712421043,ramp,18,0
2024-06-13,17617,F0_normal,0.0,none,-1,0
2024-06-13,17617,F1_L6换热能力下降,2.328479250574308,sigmoid,15,0
2024-06-13,17617,F2_L6汽侧供汽不足,2.5922643894676645,sigmoid,18,0
2024-06-13,17617,F3_L6水位过高,2.068996451132012,sigmoid,23,1
2024-06-13,17677,F0_normal,0.0,none,-1,0
2024-06-13,17677,F1_L6换热能力下降,2.78808098862851,sigmoid,8,0
2024-06-13,17677,F2_L6汽侧供汽不足,2.9849138936357185,sigmoid,21,0
2024-06-13,17677,F3_L6水位过高,2.596809938525893,ramp,19,0
2024-06-13,17737,F0_normal,0.0,none,-1,0
2024-06-13,17737,F1_L6换热能力下降,2.2181445387586933,ramp,12,1
2024-06-13,17737,F2_L6汽侧供汽不足,2.0056940814196738,ramp,23,0
2024-06-13,17737,F3_L6水位过高,2.603890067765909,sigmoid,12,0
2024-06-13,17797,F0_normal,0.0,none,-1,0
2024-06-13,17797,F1_L6换热能力下降,2.625949707074617,ramp,23,1
2024-06-13,17797,F2_L6汽侧供汽不足,2.603940945873731,sigmoid,12,0
2024-06-13,17797,F3_L6水位过高,2.144381450257743,ramp,18,0
2024-06-13,17857,F0_normal,0.0,none,-1,0
2024-06-13,17857,F1_L6换热能力下降,2.101921147128172,ramp,19,0
2024-06-13,17857,F2_L6汽侧供汽不足,2.6229243072851594,ramp,13,1
2024-06-13,17857,F3_L6水位过高,2.133242674283257,sigmoid,10,1
2024-06-13,17917,F0_normal,0.0,none,-1,0
2024-06-13,17917,F1_L6换热能力下降,2.3353517403693296,ramp,17,0
2024-06-13,17917,F2_L6汽侧供汽不足,2.472921617447082,ramp,8,0
2024-06-13,17917,F3_L6水位过高,2.3824648966470967,sigmoid,15,0
2024-06-13,17977,F0_normal,0.0,none,-1,0
2024-06-13,17977,F1_L6换热能力下降,2.625083359414298,sigmoid,10,1
2024-06-13,17977,F2_L6汽侧供汽不足,2.8047190617957973,sigmoid,17,0
2024-06-13,17977,F3_L6水位过高,2.956726415130521,sigmoid,11,0
2024-06-13,18037,F0_normal,0.0,none,-1,0
2024-06-13,18037,F1_L6换热能力下降,2.8388681713177792,sigmoid,19,1
2024-06-13,18037,F2_L6汽侧供汽不足,2.5606966677704186,sigmoid,9,0
2024-06-13,18037,F3_L6水位过高,2.159653432588004,ramp,22,0
2024-06-13,18097,F0_normal,0.0,none,-1,0
2024-06-13,18097,F1_L6换热能力下降,2.147909742008021,sigmoid,9,0
2024-06-13,18097,F2_L6汽侧供汽不足,2.425122853319623,ramp,19,0
2024-06-13,18097,F3_L6水位过高,2.568755002686581,ramp,16,0
2024-06-13,18157,F0_normal,0.0,none,-1,0
2024-06-13,18157,F1_L6换热能力下降,2.549555771358898,sigmoid,8,0
2024-06-13,18157,F2_L6汽侧供汽不足,2.8703859665994664,sigmoid,10,0
2024-06-13,18157,F3_L6水位过高,2.2790494368142924,sigmoid,20,0
2024-06-13,18217,F0_normal,0.0,none,-1,0
2024-06-13,18217,F1_L6换热能力下降,2.878811693430778,sigmoid,17,1
2024-06-13,18217,F2_L6汽侧供汽不足,2.4434343374030467,sigmoid,20,0
2024-06-13,18217,F3_L6水位过高,2.937877071060399,sigmoid,13,0
2024-06-13,18277,F0_normal,0.0,none,-1,0
2024-06-13,18277,F1_L6换热能力下降,2.6478817541334982,sigmoid,13,0
2024-06-13,18277,F2_L6汽侧供汽不足,2.2868387809404287,sigmoid,14,0
2024-06-13,18277,F3_L6水位过高,2.9628931039393867,ramp,19,1
2024-06-13,18337,F0_normal,0.0,none,-1,0
2024-06-13,18337,F1_L6换热能力下降,2.8238085418542678,sigmoid,21,0
2024-06-13,18337,F2_L6汽侧供汽不足,2.4703495831338036,sigmoid,22,0
2024-06-13,18337,F3_L6水位过高,2.4279802769106436,sigmoid,23,0
2024-06-13,18397,F0_normal,0.0,none,-1,0
2024-06-13,18397,F1_L6换热能力下降,2.7716761066124667,sigmoid,12,0
2024-06-13,18397,F2_L6汽侧供汽不足,2.081914805638987,sigmoid,10,0
2024-06-13,18397,F3_L6水位过高,2.165529837138172,ramp,8,0
2024-06-13,18457,F0_normal,0.0,none,-1,0
2024-06-13,18457,F1_L6换热能力下降,2.0273809685157893,ramp,10,0
2024-06-13,18457,F2_L6汽侧供汽不足,2.8301566907861933,sigmoid,22,0
2024-06-13,18457,F3_L6水位过高,2.8845083141573897,sigmoid,8,0
2024-06-13,18517,F0_normal,0.0,none,-1,0
2024-06-13,18517,F1_L6换热能力下降,2.434481098296632,ramp,9,0
2024-06-13,18517,F2_L6汽侧供汽不足,2.2847298866683934,sigmoid,23,1
2024-06-13,18517,F3_L6水位过高,2.7314087117131796,sigmoid,17,0
2024-06-13,18577,F0_normal,0.0,none,-1,0
2024-06-13,18577,F1_L6换热能力下降,2.5576613950505607,ramp,13,0
2024-06-13,18577,F2_L6汽侧供汽不足,2.926754308636816,ramp,16,1
2024-06-13,18577,F3_L6水位过高,2.966520175848625,sigmoid,22,0
2024-06-13,18637,F0_normal,0.0,none,-1,0
2024-06-13,18637,F1_L6换热能力下降,2.5526182570895712,ramp,14,1
2024-06-13,18637,F2_L6汽侧供汽不足,2.4168975769266585,ramp,13,0
2024-06-13,18637,F3_L6水位过高,2.895474841234792,ramp,15,2
2024-06-16,21577,F0_normal,0.0,none,-1,0
2024-06-16,21577,F1_L6换热能力下降,2.183536170287171,ramp,21,0
2024-06-16,21577,F2_L6汽侧供汽不足,2.8886567186052696,sigmoid,21,0
2024-06-16,21577,F3_L6水位过高,2.1832647464164534,ramp,13,1
2024-06-16,21637,F0_normal,0.0,none,-1,0
2024-06-16,21637,F1_L6换热能力下降,2.491074558473723,ramp,22,0
2024-06-16,21637,F2_L6汽侧供汽不足,2.1397172859678957,sigmoid,12,1
2024-06-16,21637,F3_L6水位过高,2.4487137827903718,ramp,11,0
2024-06-16,21697,F0_normal,0.0,none,-1,0
2024-06-16,21697,F1_L6换热能力下降,2.310907528683838,sigmoid,17,0
2024-06-16,21697,F2_L6汽侧供汽不足,2.5905115965415852,sigmoid,9,0
2024-06-16,21697,F3_L6水位过高,2.528562905448508,sigmoid,12,1
2024-06-16,21757,F0_normal,0.0,none,-1,0
2024-06-16,21757,F1_L6换热能力下降,2.608926074930536,sigmoid,20,0
2024-06-16,21757,F2_L6汽侧供汽不足,2.0886493691444623,ramp,14,1
2024-06-16,21757,F3_L6水位过高,2.866736754112514,sigmoid,20,0
2024-06-16,21817,F0_normal,0.0,none,-1,0
2024-06-16,21817,F1_L6换热能力下降,2.27997836884988,sigmoid,18,0
2024-06-16,21817,F2_L6汽侧供汽不足,2.7238701200336517,ramp,21,1
2024-06-16,21817,F3_L6水位过高,2.0693475861354047,ramp,15,1
2024-06-16,21877,F0_normal,0.0,none,-1,0
2024-06-16,21877,F1_L6换热能力下降,2.3001057395936617,ramp,18,0
2024-06-16,21877,F2_L6汽侧供汽不足,2.638640735968404,sigmoid,10,0
2024-06-16,21877,F3_L6水位过高,2.1267040786409726,ramp,17,0
2024-06-16,21937,F0_normal,0.0,none,-1,0
2024-06-16,21937,F1_L6换热能力下降,2.4945019857980553,ramp,13,1
2024-06-16,21937,F2_L6汽侧供汽不足,2.0570106775809713,sigmoid,23,0
2024-06-16,21937,F3_L6水位过高,2.8678191086419407,ramp,17,1
2024-06-16,21997,F0_normal,0.0,none,-1,0
2024-06-16,21997,F1_L6换热能力下降,2.2570107135780266,ramp,17,0
2024-06-16,21997,F2_L6汽侧供汽不足,2.1784217384472857,ramp,9,0
2024-06-16,21997,F3_L6水位过高,2.8423475831994995,sigmoid,22,0
2024-06-16,22057,F0_normal,0.0,none,-1,0
2024-06-16,22057,F1_L6换热能力下降,2.0495054781641513,ramp,22,0
2024-06-16,22057,F2_L6汽侧供汽不足,2.6063831213280917,sigmoid,19,0
2024-06-16,22057,F3_L6水位过高,2.897379995563938,sigmoid,22,0
2024-06-16,22117,F0_normal,0.0,none,-1,0
2024-06-16,22117,F1_L6换热能力下降,2.0225018272843096,ramp,15,0
2024-06-16,22117,F2_L6汽侧供汽不足,2.9678914784724553,sigmoid,8,1
2024-06-16,22117,F3_L6水位过高,2.200954005595528,sigmoid,15,0
2024-06-16,22177,F0_normal,0.0,none,-1,0
2024-06-16,22177,F1_L6换热能力下降,2.2345392987260566,sigmoid,13,0
2024-06-16,22177,F2_L6汽侧供汽不足,2.6113753695960935,ramp,18,0
2024-06-16,22177,F3_L6水位过高,2.1579892943869776,ramp,17,0
2024-06-16,22237,F0_normal,0.0,none,-1,0
2024-06-16,22237,F1_L6换热能力下降,2.372105402973616,ramp,14,0
2024-06-16,22237,F2_L6汽侧供汽不足,2.349233469567349,ramp,20,1
2024-06-16,22237,F3_L6水位过高,2.686768582667804,sigmoid,13,0
2024-06-16,22297,F0_normal,0.0,none,-1,0
2024-06-16,22297,F1_L6换热能力下降,2.5963312172018633,sigmoid,9,0
2024-06-16,22297,F2_L6汽侧供汽不足,2.7185268153713356,ramp,22,0
2024-06-16,22297,F3_L6水位过高,2.242997370158026,sigmoid,8,0
2024-06-16,22357,F0_normal,0.0,none,-1,0
2024-06-16,22357,F1_L6换热能力下降,2.342114083552693,sigmoid,10,0
2024-06-16,22357,F2_L6汽侧供汽不足,2.0470078021158398,ramp,19,1
2024-06-16,22357,F3_L6水位过高,2.61587210393784,ramp,15,0
2024-06-16,22417,F0_normal,0.0,none,-1,0
2024-06-16,22417,F1_L6换热能力下降,2.567511391691218,ramp,15,0
2024-06-16,22417,F2_L6汽侧供汽不足,2.540741130651448,ramp,8,0
2024-06-16,22417,F3_L6水位过高,2.8668240029636287,ramp,9,0
2024-06-16,22477,F0_normal,0.0,none,-1,0
2024-06-16,22477,F1_L6换热能力下降,2.1430207080569845,ramp,22,0
2024-06-16,22477,F2_L6汽侧供汽不足,2.3550792590573915,sigmoid,23,0
2024-06-16,22477,F3_L6水位过高,2.3512648267123977,sigmoid,20,0
2024-06-16,22537,F0_normal,0.0,none,-1,0
2024-06-16,22537,F1_L6换热能力下降,2.8561197923817954,sigmoid,20,0
2024-06-16,22537,F2_L6汽侧供汽不足,2.823096883496302,ramp,15,1
2024-06-16,22537,F3_L6水位过高,2.0827561405950563,ramp,20,0
2024-06-16,22597,F0_normal,0.0,none,-1,0
2024-06-16,22597,F1_L6换热能力下降,2.2653780087482405,sigmoid,10,2
2024-06-16,22597,F2_L6汽侧供汽不足,2.0983794280046784,sigmoid,11,0
2024-06-16,22597,F3_L6水位过高,2.395250937560338,sigmoid,17,0
2024-06-16,22657,F0_normal,0.0,none,-1,0
2024-06-16,22657,F1_L6换热能力下降,2.6074892385743746,sigmoid,23,0
2024-06-16,22657,F2_L6汽侧供汽不足,2.337809589077499,sigmoid,12,1
2024-06-16,22657,F3_L6水位过高,2.7528521037166547,ramp,13,0
2024-06-16,22717,F0_normal,0.0,none,-1,0
2024-06-16,22717,F1_L6换热能力下降,2.6727736071377954,sigmoid,22,0
2024-06-16,22717,F2_L6汽侧供汽不足,2.9229461735647297,sigmoid,14,0
2024-06-16,22717,F3_L6水位过高,2.442914933230634,sigmoid,15,0
2024-06-16,22777,F0_normal,0.0,none,-1,0
2024-06-16,22777,F1_L6换热能力下降,2.4608319264135594,sigmoid,15,1
2024-06-16,22777,F2_L6汽侧供汽不足,2.580037002355784,sigmoid,16,0
2024-06-16,22777,F3_L6水位过高,2.5277297060639885,sigmoid,15,0
2024-06-16,22837,F0_normal,0.0,none,-1,0
2024-06-16,22837,F1_L6换热能力下降,2.5631772050023884,sigmoid,12,0
2024-06-16,22837,F2_L6汽侧供汽不足,2.1485970034980797,sigmoid,19,2
2024-06-16,22837,F3_L6水位过高,2.3254560388943855,ramp,11,0
2024-06-16,22897,F0_normal,0.0,none,-1,0
2024-06-16,22897,F1_L6换热能力下降,2.831051624818047,sigmoid,23,0
2024-06-16,22897,F2_L6汽侧供汽不足,2.0056159679130503,ramp,16,0
2024-06-16,22897,F3_L6水位过高,2.609463735053088,ramp,8,2
2024-06-16,22957,F0_normal,0.0,none,-1,0
2024-06-16,22957,F1_L6换热能力下降,2.8338753121819322,ramp,10,0
2024-06-16,22957,F2_L6汽侧供汽不足,2.805448182205887,sigmoid,15,0
2024-06-16,22957,F3_L6水位过高,2.8446543034750498,ramp,13,1
2024-06-17,23017,F0_normal,0.0,none,-1,0
2024-06-17,23017,F1_L6换热能力下降,2.5481655722266177,sigmoid,13,0
2024-06-17,23017,F2_L6汽侧供汽不足,2.9642154699728804,sigmoid,15,1
2024-06-17,23017,F3_L6水位过高,2.1952852582248514,sigmoid,20,0
2024-06-17,23077,F0_normal,0.0,none,-1,0
2024-06-17,23077,F1_L6换热能力下降,2.983420157518484,sigmoid,8,0
2024-06-17,23077,F2_L6汽侧供汽不足,2.9558244778046263,sigmoid,14,0
2024-06-17,23077,F3_L6水位过高,2.6796414469080077,ramp,15,0
2024-06-17,23137,F0_normal,0.0,none,-1,0
2024-06-17,23137,F1_L6换热能力下降,2.20819679694151,ramp,15,0
2024-06-17,23137,F2_L6汽侧供汽不足,2.5021316716136455,ramp,17,0
2024-06-17,23137,F3_L6水位过高,2.9500118152895305,ramp,14,0
2024-06-17,23197,F0_normal,0.0,none,-1,0
2024-06-17,23197,F1_L6换热能力下降,2.3663564792351526,ramp,21,0
2024-06-17,23197,F2_L6汽侧供汽不足,2.2303659450307927,sigmoid,15,1
2024-06-17,23197,F3_L6水位过高,2.4792371107853306,ramp,17,0
2024-06-17,23257,F0_normal,0.0,none,-1,0
2024-06-17,23257,F1_L6换热能力下降,2.9025713489614104,sigmoid,11,0
2024-06-17,23257,F2_L6汽侧供汽不足,2.5493153740358894,sigmoid,23,0
2024-06-17,23257,F3_L6水位过高,2.934021112420789,sigmoid,8,1
2024-06-17,23317,F0_normal,0.0,none,-1,0
2024-06-17,23317,F1_L6换热能力下降,2.013129996135479,sigmoid,21,0
2024-06-17,23317,F2_L6汽侧供汽不足,2.6151861025084715,ramp,14,0
2024-06-17,23317,F3_L6水位过高,2.1835227249770375,sigmoid,22,0
2024-06-17,23377,F0_normal,0.0,none,-1,0
2024-06-17,23377,F1_L6换热能力下降,2.544442161044182,ramp,20,0
2024-06-17,23377,F2_L6汽侧供汽不足,2.8419002195636516,sigmoid,13,0
2024-06-17,23377,F3_L6水位过高,2.685826442659187,ramp,22,0
2024-06-17,23437,F0_normal,0.0,none,-1,0
2024-06-17,23437,F1_L6换热能力下降,2.7629605302382183,ramp,15,1
2024-06-17,23437,F2_L6汽侧供汽不足,2.1187338515699095,ramp,22,0
2024-06-17,23437,F3_L6水位过高,2.7740825546506276,ramp,13,2
2024-06-17,23497,F0_normal,0.0,none,-1,0
2024-06-17,23497,F1_L6换热能力下降,2.7806429852111556,ramp,17,1
2024-06-17,23497,F2_L6汽侧供汽不足,2.0772333020553275,ramp,14,0
2024-06-17,23497,F3_L6水位过高,2.0499519720539907,sigmoid,12,0
2024-06-17,23557,F0_normal,0.0,none,-1,0
2024-06-17,23557,F1_L6换热能力下降,2.493778167328114,ramp,18,0
2024-06-17,23557,F2_L6汽侧供汽不足,2.6105376065987818,ramp,16,0
2024-06-17,23557,F3_L6水位过高,2.450363840984663,sigmoid,12,1
2024-06-17,23617,F0_normal,0.0,none,-1,0
2024-06-17,23617,F1_L6换热能力下降,2.2571538582801294,sigmoid,18,2
2024-06-17,23617,F2_L6汽侧供汽不足,2.1095049669746055,sigmoid,18,1
2024-06-17,23617,F3_L6水位过高,2.201608626554264,ramp,15,0
2024-06-17,23677,F0_normal,0.0,none,-1,0
2024-06-17,23677,F1_L6换热能力下降,2.7445640089492227,ramp,18,0
2024-06-17,23677,F2_L6汽侧供汽不足,2.1348239418350996,ramp,9,0
2024-06-17,23677,F3_L6水位过高,2.77596763068436,sigmoid,10,1
2024-06-17,23737,F0_normal,0.0,none,-1,0
2024-06-17,23737,F1_L6换热能力下降,2.768260123782817,ramp,14,0
2024-06-17,23737,F2_L6汽侧供汽不足,2.8557855799563914,ramp,11,0
2024-06-17,23737,F3_L6水位过高,2.6421499933952974,sigmoid,11,0
2024-06-17,23797,F0_normal,0.0,none,-1,0
2024-06-17,23797,F1_L6换热能力下降,2.25487800925323,ramp,19,0
2024-06-17,23797,F2_L6汽侧供汽不足,2.7489268202250976,sigmoid,13,0
2024-06-17,23797,F3_L6水位过高,2.250437083454277,sigmoid,12,0
2024-06-17,23857,F0_normal,0.0,none,-1,0
2024-06-17,23857,F1_L6换热能力下降,2.2593936553291365,ramp,22,0
2024-06-17,23857,F2_L6汽侧供汽不足,2.667530913249746,ramp,18,0
2024-06-17,23857,F3_L6水位过高,2.7949673717923202,ramp,16,0
2024-06-17,23917,F0_normal,0.0,none,-1,0
2024-06-17,23917,F1_L6换热能力下降,2.8114271820350414,sigmoid,11,2
2024-06-17,23917,F2_L6汽侧供汽不足,2.6474857424788665,sigmoid,8,1
2024-06-17,23917,F3_L6水位过高,2.5079669779694402,ramp,16,0
2024-06-17,23977,F0_normal,0.0,none,-1,0
2024-06-17,23977,F1_L6换热能力下降,2.8855499637950994,sigmoid,13,1
2024-06-17,23977,F2_L6汽侧供汽不足,2.1495197444464558,sigmoid,13,1
2024-06-17,23977,F3_L6水位过高,2.2251964559023403,sigmoid,8,0
2024-06-17,24037,F0_normal,0.0,none,-1,0
2024-06-17,24037,F1_L6换热能力下降,2.94172410314935,ramp,16,0
2024-06-17,24037,F2_L6汽侧供汽不足,2.9451678060348967,ramp,12,0
2024-06-17,24037,F3_L6水位过高,2.4597406461532616,sigmoid,11,0
2024-06-17,24097,F0_normal,0.0,none,-1,0
2024-06-17,24097,F1_L6换热能力下降,2.462657271924769,sigmoid,19,0
2024-06-17,24097,F2_L6汽侧供汽不足,2.9625999486861057,ramp,16,0
2024-06-17,24097,F3_L6水位过高,2.201125715107522,ramp,9,2
2024-06-17,24157,F0_normal,0.0,none,-1,0
2024-06-17,24157,F1_L6换热能力下降,2.349237213984711,sigmoid,13,0
2024-06-17,24157,F2_L6汽侧供汽不足,2.2728120923445103,ramp,17,0
2024-06-17,24157,F3_L6水位过高,2.3182277384519656,ramp,15,0
2024-06-17,24217,F0_normal,0.0,none,-1,0
2024-06-17,24217,F1_L6换热能力下降,2.1774965479217965,ramp,12,1
2024-06-17,24217,F2_L6汽侧供汽不足,2.9537546549848743,sigmoid,19,0
2024-06-17,24217,F3_L6水位过高,2.6373308366011123,ramp,19,0
2024-06-17,24277,F0_normal,0.0,none,-1,0
2024-06-17,24277,F1_L6换热能力下降,2.3474472955392933,ramp,19,0
2024-06-17,24277,F2_L6汽侧供汽不足,2.3283665300564502,sigmoid,10,0
2024-06-17,24277,F3_L6水位过高,2.098874266438765,ramp,21,0
2024-06-17,24337,F0_normal,0.0,none,-1,0
2024-06-17,24337,F1_L6换热能力下降,2.351110235327232,sigmoid,15,0
2024-06-17,24337,F2_L6汽侧供汽不足,2.786173656968382,ramp,13,0
2024-06-17,24337,F3_L6水位过高,2.7967853272166323,sigmoid,13,0
2024-06-17,24397,F0_normal,0.0,none,-1,0
2024-06-17,24397,F1_L6换热能力下降,2.3188549532424734,sigmoid,18,0
2024-06-17,24397,F2_L6汽侧供汽不足,2.938084891076386,ramp,18,0
2024-06-17,24397,F3_L6水位过高,2.4139284611602476,ramp,11,0
2024-06-18,24457,F0_normal,0.0,none,-1,0
2024-06-18,24457,F1_L6换热能力下降,2.581896918545376,ramp,15,1
2024-06-18,24457,F2_L6汽侧供汽不足,2.7179443409701554,sigmoid,17,0
2024-06-18,24457,F3_L6水位过高,2.960892503484957,ramp,17,0
2024-06-18,24517,F0_normal,0.0,none,-1,0
2024-06-18,24517,F1_L6换热能力下降,2.7037931326705955,ramp,22,1
2024-06-18,24517,F2_L6汽侧供汽不足,2.451605472221656,ramp,22,0
2024-06-18,24517,F3_L6水位过高,2.727915121540276,sigmoid,8,0
2024-06-18,24577,F0_normal,0.0,none,-1,0
2024-06-18,24577,F1_L6换热能力下降,2.364376540535949,ramp,17,0
2024-06-18,24577,F2_L6汽侧供汽不足,2.441790778921269,ramp,17,0
2024-06-18,24577,F3_L6水位过高,2.7586144069878094,sigmoid,11,0
2024-06-18,24637,F0_normal,0.0,none,-1,0
2024-06-18,24637,F1_L6换热能力下降,2.2663832614561774,sigmoid,16,0
2024-06-18,24637,F2_L6汽侧供汽不足,2.910676635720662,ramp,9,0
2024-06-18,24637,F3_L6水位过高,2.893481819732485,ramp,10,0
2024-06-18,24697,F0_normal,0.0,none,-1,0
2024-06-18,24697,F1_L6换热能力下降,2.253631437358335,sigmoid,19,0
2024-06-18,24697,F2_L6汽侧供汽不足,2.1778556694647593,sigmoid,14,1
2024-06-18,24697,F3_L6水位过高,2.5685146332636815,sigmoid,11,0
2024-06-18,24757,F0_normal,0.0,none,-1,0
2024-06-18,24757,F1_L6换热能力下降,2.7903287200111633,sigmoid,16,0
2024-06-18,24757,F2_L6汽侧供汽不足,2.3069822780322298,sigmoid,8,0
2024-06-18,24757,F3_L6水位过高,2.639209228457037,ramp,20,0
2024-06-18,24817,F0_normal,0.0,none,-1,0
2024-06-18,24817,F1_L6换热能力下降,2.2503967951165427,ramp,20,0
2024-06-18,24817,F2_L6汽侧供汽不足,2.3528860834336123,ramp,12,0
2024-06-18,24817,F3_L6水位过高,2.4195019820254453,sigmoid,22,0
2024-06-18,24877,F0_normal,0.0,none,-1,0
2024-06-18,24877,F1_L6换热能力下降,2.199117706850648,sigmoid,10,1
2024-06-18,24877,F2_L6汽侧供汽不足,2.431724539006995,sigmoid,14,1
2024-06-18,24877,F3_L6水位过高,2.8640128183873648,ramp,13,0
2024-06-18,24937,F0_normal,0.0,none,-1,0
2024-06-18,24937,F1_L6换热能力下降,2.6634599894088398,sigmoid,8,0
2024-06-18,24937,F2_L6汽侧供汽不足,2.6410909853995372,sigmoid,17,0
2024-06-18,24937,F3_L6水位过高,2.733177841206211,sigmoid,14,0
2024-06-18,24997,F0_normal,0.0,none,-1,0
2024-06-18,24997,F1_L6换热能力下降,2.1453976775481336,sigmoid,12,0
2024-06-18,24997,F2_L6汽侧供汽不足,2.667546836387457,ramp,16,0
2024-06-18,24997,F3_L6水位过高,2.9458939754326376,ramp,15,1
2024-06-18,25057,F0_normal,0.0,none,-1,0
2024-06-18,25057,F1_L6换热能力下降,2.0465695827882,ramp,19,0
2024-06-18,25057,F2_L6汽侧供汽不足,2.022536946529227,ramp,16,0
2024-06-18,25057,F3_L6水位过高,2.64047027447936,sigmoid,12,2
2024-06-18,25117,F0_normal,0.0,none,-1,0
2024-06-18,25117,F1_L6换热能力下降,2.4266140532237785,ramp,11,0
2024-06-18,25117,F2_L6汽侧供汽不足,2.6602724460981637,sigmoid,16,0
2024-06-18,25117,F3_L6水位过高,2.3667889635005803,ramp,20,0
2024-06-18,25177,F0_normal,0.0,none,-1,0
2024-06-18,25177,F1_L6换热能力下降,2.852521331737885,ramp,9,0
2024-06-18,25177,F2_L6汽侧供汽不足,2.9279691596136566,sigmoid,20,1
2024-06-18,25177,F3_L6水位过高,2.1906199479622943,ramp,19,0
2024-06-18,25237,F0_normal,0.0,none,-1,0
2024-06-18,25237,F1_L6换热能力下降,2.8203455611387014,ramp,10,0
2024-06-18,25237,F2_L6汽侧供汽不足,2.558711546161094,ramp,13,1
2024-06-18,25237,F3_L6水位过高,2.6338276811848074,sigmoid,10,3
2024-06-18,25297,F0_normal,0.0,none,-1,0
2024-06-18,25297,F1_L6换热能力下降,2.549570498747489,ramp,9,0
2024-06-18,25297,F2_L6汽侧供汽不足,2.7354100649213295,sigmoid,13,0
2024-06-18,25297,F3_L6水位过高,2.014005063833984,ramp,10,0
2024-06-18,25357,F0_normal,0.0,none,-1,0
2024-06-18,25357,F1_L6换热能力下降,2.2563160701610556,sigmoid,16,0
2024-06-18,25357,F2_L6汽侧供汽不足,2.3879509794176492,ramp,23,0
2024-06-18,25357,F3_L6水位过高,2.2185962115617026,sigmoid,19,1
2024-06-18,25417,F0_normal,0.0,none,-1,0
2024-06-18,25417,F1_L6换热能力下降,2.0163433894303404,ramp,14,1
2024-06-18,25417,F2_L6汽侧供汽不足,2.763199482963109,ramp,13,1
2024-06-18,25417,F3_L6水位过高,2.0243388606839066,sigmoid,23,0
2024-06-18,25477,F0_normal,0.0,none,-1,0
2024-06-18,25477,F1_L6换热能力下降,2.686966842217924,sigmoid,9,1
2024-06-18,25477,F2_L6汽侧供汽不足,2.4596324353984045,sigmoid,20,0
2024-06-18,25477,F3_L6水位过高,2.0196021763174463,sigmoid,15,0
2024-06-18,25537,F0_normal,0.0,none,-1,0
2024-06-18,25537,F1_L6换热能力下降,2.323297711203984,sigmoid,16,0
2024-06-18,25537,F2_L6汽侧供汽不足,2.354883492439675,ramp,17,1
2024-06-18,25537,F3_L6水位过高,2.503929202294327,ramp,22,0
2024-06-18,25597,F0_normal,0.0,none,-1,0
2024-06-18,25597,F1_L6换热能力下降,2.393954837397743,ramp,22,1
2024-06-18,25597,F2_L6汽侧供汽不足,2.6300927455475756,sigmoid,14,0
2024-06-18,25597,F3_L6水位过高,2.8456284164956767,sigmoid,11,0
2024-06-18,25657,F0_normal,0.0,none,-1,0
2024-06-18,25657,F1_L6换热能力下降,2.4829082746808666,ramp,19,0
2024-06-18,25657,F2_L6汽侧供汽不足,2.9003809853265086,ramp,12,2
2024-06-18,25657,F3_L6水位过高,2.642892243687063,sigmoid,15,0
2024-06-18,25717,F0_normal,0.0,none,-1,0
2024-06-18,25717,F1_L6换热能力下降,2.917260223573591,ramp,23,0
2024-06-18,25717,F2_L6汽侧供汽不足,2.421368242349331,sigmoid,13,0
2024-06-18,25717,F3_L6水位过高,2.6716980196445346,sigmoid,12,0
2024-06-18,25777,F0_normal,0.0,none,-1,0
2024-06-18,25777,F1_L6换热能力下降,2.092407297030418,ramp,12,0
2024-06-18,25777,F2_L6汽侧供汽不足,2.508240827166677,sigmoid,9,0
2024-06-18,25777,F3_L6水位过高,2.073582008532838,ramp,18,1
2024-06-18,25837,F0_normal,0.0,none,-1,0
2024-06-18,25837,F1_L6换热能力下降,2.1817943834667006,ramp,20,0
2024-06-18,25837,F2_L6汽侧供汽不足,2.119022827518876,sigmoid,13,0
2024-06-18,25837,F3_L6水位过高,2.2593422545061803,ramp,21,0
2024-06-21,28777,F0_normal,0.0,none,-1,0
2024-06-21,28777,F1_L6换热能力下降,2.16889771701325,sigmoid,13,0
2024-06-21,28777,F2_L6汽侧供汽不足,2.1092661755103324,ramp,16,0
2024-06-21,28777,F3_L6水位过高,2.0350565473973807,sigmoid,21,0
2024-06-21,28837,F0_normal,0.0,none,-1,0
2024-06-21,28837,F1_L6换热能力下降,2.176531094281247,ramp,16,0
2024-06-21,28837,F2_L6汽侧供汽不足,2.3228147864309143,sigmoid,9,0
2024-06-21,28837,F3_L6水位过高,2.5739370492739835,ramp,13,0
2024-06-21,28897,F0_normal,0.0,none,-1,0
2024-06-21,28897,F1_L6换热能力下降,2.1429555861960567,sigmoid,8,0
2024-06-21,28897,F2_L6汽侧供汽不足,2.199182916839095,ramp,9,0
2024-06-21,28897,F3_L6水位过高,2.909228378123972,sigmoid,18,1
2024-06-21,28957,F0_normal,0.0,none,-1,0
2024-06-21,28957,F1_L6换热能力下降,2.6124239771975533,ramp,21,0
2024-06-21,28957,F2_L6汽侧供汽不足,2.9279856441883623,ramp,13,0
2024-06-21,28957,F3_L6水位过高,2.508739136227619,ramp,17,0
2024-06-21,29017,F0_normal,0.0,none,-1,0
2024-06-21,29017,F1_L6换热能力下降,2.180778736819683,ramp,17,0
2024-06-21,29017,F2_L6汽侧供汽不足,2.5643740382215503,sigmoid,20,1
2024-06-21,29017,F3_L6水位过高,2.050025516401229,ramp,13,0
2024-06-21,29077,F0_normal,0.0,none,-1,0
2024-06-21,29077,F1_L6换热能力下降,2.9309737795264756,ramp,12,1
2024-06-21,29077,F2_L6汽侧供汽不足,2.678572875631063,ramp,18,0
2024-06-21,29077,F3_L6水位过高,2.767293212588793,ramp,9,2
2024-06-21,29137,F0_normal,0.0,none,-1,0
2024-06-21,29137,F1_L6换热能力下降,2.5452999138044823,ramp,23,1
2024-06-21,29137,F2_L6汽侧供汽不足,2.040356664606137,sigmoid,21,1
2024-06-21,29137,F3_L6水位过高,2.0046524010877897,ramp,12,1
2024-06-21,29197,F0_normal,0.0,none,-1,0
2024-06-21,29197,F1_L6换热能力下降,2.2358702258698386,sigmoid,14,0
2024-06-21,29197,F2_L6汽侧供汽不足,2.1691455547201968,sigmoid,9,2
2024-06-21,29197,F3_L6水位过高,2.676099329121605,sigmoid,12,3
2024-06-21,29257,F0_normal,0.0,none,-1,0
2024-06-21,29257,F1_L6换热能力下降,2.9523416995321923,sigmoid,23,0
2024-06-21,29257,F2_L6汽侧供汽不足,2.614296326078888,sigmoid,12,0
2024-06-21,29257,F3_L6水位过高,2.939592613271013,sigmoid,21,0
2024-06-21,29317,F0_normal,0.0,none,-1,0
2024-06-21,29317,F1_L6换热能力下降,2.632396113592444,sigmoid,13,0
2024-06-21,29317,F2_L6汽侧供汽不足,2.7468422535722175,ramp,18,0
2024-06-21,29317,F3_L6水位过高,2.565633081968624,sigmoid,22,0
2024-06-21,29377,F0_normal,0.0,none,-1,0
2024-06-21,29377,F1_L6换热能力下降,2.226389810816854,ramp,18,0
2024-06-21,29377,F2_L6汽侧供汽不足,2.4381030976042095,ramp,8,0
2024-06-21,29377,F3_L6水位过高,2.410469151453933,sigmoid,14,0
2024-06-21,29437,F0_normal,0.0,none,-1,0
2024-06-21,29437,F1_L6换热能力下降,2.2932495902368206,ramp,19,2
2024-06-21,29437,F2_L6汽侧供汽不足,2.003521596795216,sigmoid,10,1
2024-06-21,29437,F3_L6水位过高,2.984876766205013,sigmoid,21,0
2024-06-21,29497,F0_normal,0.0,none,-1,0
2024-06-21,29497,F1_L6换热能力下降,2.732492185710699,sigmoid,18,1
2024-06-21,29497,F2_L6汽侧供汽不足,2.2753824710058286,ramp,11,1
2024-06-21,29497,F3_L6水位过高,2.499621964144513,ramp,18,2
2024-06-21,29557,F0_normal,0.0,none,-1,0
2024-06-21,29557,F1_L6换热能力下降,2.061725508173703,sigmoid,19,0
2024-06-21,29557,F2_L6汽侧供汽不足,2.086374642813876,ramp,17,0
2024-06-21,29557,F3_L6水位过高,2.2410366181823993,ramp,18,0
2024-06-21,29617,F0_normal,0.0,none,-1,0
2024-06-21,29617,F1_L6换热能力下降,2.2715735674741744,sigmoid,11,1
2024-06-21,29617,F2_L6汽侧供汽不足,2.787530700609358,sigmoid,13,0
2024-06-21,29617,F3_L6水位过高,2.4285272317794266,ramp,20,0
2024-06-21,29677,F0_normal,0.0,none,-1,0
2024-06-21,29677,F1_L6换热能力下降,2.855816251191335,sigmoid,23,0
2024-06-21,29677,F2_L6汽侧供汽不足,2.9006328385288893,ramp,15,0
2024-06-21,29677,F3_L6水位过高,2.748043180348573,sigmoid,18,1
2024-06-21,29737,F0_normal,0.0,none,-1,0
2024-06-21,29737,F1_L6换热能力下降,2.9329435322575588,sigmoid,21,0
2024-06-21,29737,F2_L6汽侧供汽不足,2.282278278789207,sigmoid,17,2
2024-06-21,29737,F3_L6水位过高,2.3040496997188566,ramp,17,2
2024-06-21,29797,F0_normal,0.0,none,-1,0
2024-06-21,29797,F1_L6换热能力下降,2.1476311706132307,sigmoid,17,0
2024-06-21,29797,F2_L6汽侧供汽不足,2.296767131795754,sigmoid,23,0
2024-06-21,29797,F3_L6水位过高,2.306469571317866,sigmoid,15,1
2024-06-21,29857,F0_normal,0.0,none,-1,0
2024-06-21,29857,F1_L6换热能力下降,2.611377580581987,ramp,21,0
2024-06-21,29857,F2_L6汽侧供汽不足,2.046882319136658,ramp,19,1
2024-06-21,29857,F3_L6水位过高,2.1550669281720225,sigmoid,16,0
2024-06-21,29917,F0_normal,0.0,none,-1,0
2024-06-21,29917,F1_L6换热能力下降,2.6606259114606052,ramp,12,1
2024-06-21,29917,F2_L6汽侧供汽不足,2.5879471973823507,ramp,17,0
2024-06-21,29917,F3_L6水位过高,2.453147108170008,ramp,23,0
2024-06-21,29977,F0_normal,0.0,none,-1,0
2024-06-21,29977,F1_L6换热能力下降,2.503351821121674,sigmoid,17,1
2024-06-21,29977,F2_L6汽侧供汽不足,2.4055043114636145,ramp,19,0
2024-06-21,29977,F3_L6水位过高,2.489214344152506,ramp,20,1
2024-06-21,30037,F0_normal,0.0,none,-1,0
2024-06-21,30037,F1_L6换热能力下降,2.6754451990016026,sigmoid,23,0
2024-06-21,30037,F2_L6汽侧供汽不足,2.2435340264182533,ramp,8,0
2024-06-21,30037,F3_L6水位过高,2.8843056346509397,sigmoid,18,0
2024-06-21,30097,F0_normal,0.0,none,-1,0
2024-06-21,30097,F1_L6换热能力下降,2.198961590527889,ramp,9,0
2024-06-21,30097,F2_L6汽侧供汽不足,2.1615702086162023,ramp,13,0
2024-06-21,30097,F3_L6水位过高,2.8744289894061845,sigmoid,11,0
2024-06-21,30157,F0_normal,0.0,none,-1,0
2024-06-21,30157,F1_L6换热能力下降,2.8597292291620136,sigmoid,12,1
2024-06-21,30157,F2_L6汽侧供汽不足,2.5536186825241263,ramp,20,0
2024-06-21,30157,F3_L6水位过高,2.0617404207502203,sigmoid,10,0
2024-06-22,30217,F0_normal,0.0,none,-1,0
2024-06-22,30217,F1_L6换热能力下降,2.9779758555934777,sigmoid,17,0
2024-06-22,30217,F2_L6汽侧供汽不足,2.8372214953632504,sigmoid,17,0
2024-06-22,30217,F3_L6水位过高,2.154874391803487,ramp,23,0
2024-06-22,30277,F0_normal,0.0,none,-1,0
2024-06-22,30277,F1_L6换热能力下降,2.9354196699195234,ramp,8,0
2024-06-22,30277,F2_L6汽侧供汽不足,2.40652770711685,ramp,9,2
2024-06-22,30277,F3_L6水位过高,2.621723366257712,sigmoid,18,0
2024-06-22,30337,F0_normal,0.0,none,-1,0
2024-06-22,30337,F1_L6换热能力下降,2.6395978326094203,ramp,9,0
2024-06-22,30337,F2_L6汽侧供汽不足,2.7977934810603093,sigmoid,16,0
2024-06-22,30337,F3_L6水位过高,2.2549244602381364,ramp,18,1
2024-06-22,30397,F0_normal,0.0,none,-1,0
2024-06-22,30397,F1_L6换热能力下降,2.5184954990741377,ramp,8,0
2024-06-22,30397,F2_L6汽侧供汽不足,2.259955984529716,ramp,11,0
2024-06-22,30397,F3_L6水位过高,2.4764708846538337,ramp,8,1
2024-06-22,30457,F0_normal,0.0,none,-1,0
2024-06-22,30457,F1_L6换热能力下降,2.297927921655257,ramp,23,1
2024-06-22,30457,F2_L6汽侧供汽不足,2.501614627969719,sigmoid,18,0
2024-06-22,30457,F3_L6水位过高,2.355645250703535,ramp,20,1
2024-06-22,30517,F0_normal,0.0,none,-1,0
2024-06-22,30517,F1_L6换热能力下降,2.866499157678715,ramp,23,0
2024-06-22,30517,F2_L6汽侧供汽不足,2.492261098865413,ramp,17,1
2024-06-22,30517,F3_L6水位过高,2.6371828590362036,ramp,19,0
2024-06-22,30577,F0_normal,0.0,none,-1,0
2024-06-22,30577,F1_L6换热能力下降,2.0702768584404834,sigmoid,22,0
2024-06-22,30577,F2_L6汽侧供汽不足,2.724186536287585,sigmoid,20,1
2024-06-22,30577,F3_L6水位过高,2.3195563261959635,ramp,23,0
2024-06-22,30637,F0_normal,0.0,none,-1,0
2024-06-22,30637,F1_L6换热能力下降,2.223087265667946,ramp,20,0
2024-06-22,30637,F2_L6汽侧供汽不足,2.3560969608224536,ramp,19,0
2024-06-22,30637,F3_L6水位过高,2.252746980534611,sigmoid,20,0
2024-06-22,30697,F0_normal,0.0,none,-1,0
2024-06-22,30697,F1_L6换热能力下降,2.813717286985009,sigmoid,14,0
2024-06-22,30697,F2_L6汽侧供汽不足,2.2735209500915627,ramp,13,0
2024-06-22,30697,F3_L6水位过高,2.481093395196793,ramp,17,0
2024-06-22,30757,F0_normal,0.0,none,-1,0
2024-06-22,30757,F1_L6换热能力下降,2.7416546044519805,sigmoid,23,1
2024-06-22,30757,F2_L6汽侧供汽不足,2.123099493153137,sigmoid,9,0
2024-06-22,30757,F3_L6水位过高,2.5330439453438673,ramp,18,0
2024-06-22,30817,F0_normal,0.0,none,-1,0
2024-06-22,30817,F1_L6换热能力下降,2.7436608508658527,ramp,18,0
2024-06-22,30817,F2_L6汽侧供汽不足,2.687016763425523,sigmoid,16,0
2024-06-22,30817,F3_L6水位过高,2.2983417460654323,sigmoid,23,0
2024-06-22,30877,F0_normal,0.0,none,-1,0
2024-06-22,30877,F1_L6换热能力下降,2.8921686951448713,sigmoid,12,1
2024-06-22,30877,F2_L6汽侧供汽不足,2.430474199581053,ramp,16,0
2024-06-22,30877,F3_L6水位过高,2.5425372309276177,sigmoid,12,2
2024-06-22,30937,F0_normal,0.0,none,-1,0
2024-06-22,30937,F1_L6换热能力下降,2.9608178309474327,ramp,16,1
2024-06-22,30937,F2_L6汽侧供汽不足,2.770986305305793,ramp,14,0
2024-06-22,30937,F3_L6水位过高,2.186496993287626,sigmoid,22,0
2024-06-22,30997,F0_normal,0.0,none,-1,0
2024-06-22,30997,F1_L6换热能力下降,2.1867007156644123,sigmoid,17,0
2024-06-22,30997,F2_L6汽侧供汽不足,2.1792005474657636,sigmoid,16,1
2024-06-22,30997,F3_L6水位过高,2.520266728517146,ramp,23,0
2024-06-22,31057,F0_normal,0.0,none,-1,0
2024-06-22,31057,F1_L6换热能力下降,2.9954962494934354,ramp,11,0
2024-06-22,31057,F2_L6汽侧供汽不足,2.748031998803516,ramp,11,0
2024-06-22,31057,F3_L6水位过高,2.7082540056115585,ramp,17,0
2024-06-22,31117,F0_normal,0.0,none,-1,0
2024-06-22,31117,F1_L6换热能力下降,2.595941658957145,sigmoid,23,1
2024-06-22,31117,F2_L6汽侧供汽不足,2.0396008148201292,ramp,21,2
2024-06-22,31117,F3_L6水位过高,2.193842221963679,ramp,12,0
2024-06-22,31177,F0_normal,0.0,none,-1,0
2024-06-22,31177,F1_L6换热能力下降,2.887456310204385,ramp,23,1
2024-06-22,31177,F2_L6汽侧供汽不足,2.1696718701377535,sigmoid,15,0
2024-06-22,31177,F3_L6水位过高,2.435835106426686,sigmoid,14,1
2024-06-22,31237,F0_normal,0.0,none,-1,0
2024-06-22,31237,F1_L6换热能力下降,2.89883113649157,ramp,19,0
2024-06-22,31237,F2_L6汽侧供汽不足,2.8836591703897696,ramp,8,0
2024-06-22,31237,F3_L6水位过高,2.2409386774615525,ramp,10,2
2024-06-22,31297,F0_normal,0.0,none,-1,0
2024-06-22,31297,F1_L6换热能力下降,2.3317596854737572,ramp,15,2
2024-06-22,31297,F2_L6汽侧供汽不足,2.5269858767822595,sigmoid,20,0
2024-06-22,31297,F3_L6水位过高,2.489949803839282,ramp,23,1
2024-06-22,31357,F0_normal,0.0,none,-1,0
2024-06-22,31357,F1_L6换热能力下降,2.2051093284354453,sigmoid,19,0
2024-06-22,31357,F2_L6汽侧供汽不足,2.664341853680397,sigmoid,22,0
2024-06-22,31357,F3_L6水位过高,2.7931336284002515,sigmoid,18,0
2024-06-22,31417,F0_normal,0.0,none,-1,0
2024-06-22,31417,F1_L6换热能力下降,2.8684733857841658,ramp,18,0
2024-06-22,31417,F2_L6汽侧供汽不足,2.884752624467433,sigmoid,19,2
2024-06-22,31417,F3_L6水位过高,2.4185957409906274,sigmoid,17,0
2024-06-22,31477,F0_normal,0.0,none,-1,0
2024-06-22,31477,F1_L6换热能力下降,2.1302090639904856,ramp,12,0
2024-06-22,31477,F2_L6汽侧供汽不足,2.428491391222759,ramp,8,0
2024-06-22,31477,F3_L6水位过高,2.811394477383394,sigmoid,21,0
2024-06-22,31537,F0_normal,0.0,none,-1,0
2024-06-22,31537,F1_L6换热能力下降,2.1407379017093806,ramp,15,0
2024-06-22,31537,F2_L6汽侧供汽不足,2.492156055377033,sigmoid,10,0
2024-06-22,31537,F3_L6水位过高,2.117828022301162,sigmoid,18,1
2024-06-22,31597,F0_normal,0.0,none,-1,0
2024-06-22,31597,F1_L6换热能力下降,2.808200559238264,ramp,10,0
2024-06-22,31597,F2_L6汽侧供汽不足,2.9147777937700567,ramp,13,0
2024-06-22,31597,F3_L6水位过高,2.379290984724561,ramp,21,1
2024-06-23,31657,F0_normal,0.0,none,-1,0
2024-06-23,31657,F1_L6换热能力下降,2.4802367132683387,ramp,8,0
2024-06-23,31657,F2_L6汽侧供汽不足,2.6857361819280334,sigmoid,11,0
2024-06-23,31657,F3_L6水位过高,2.19591300610658,sigmoid,16,1
2024-06-23,31717,F0_normal,0.0,none,-1,0
2024-06-23,31717,F1_L6换热能力下降,2.457693580716495,sigmoid,22,0
2024-06-23,31717,F2_L6汽侧供汽不足,2.775861121297504,ramp,19,0
2024-06-23,31717,F3_L6水位过高,2.4957540798386253,ramp,11,0
2024-06-23,31777,F0_normal,0.0,none,-1,0
2024-06-23,31777,F1_L6换热能力下降,2.048506861163478,sigmoid,15,0
2024-06-23,31777,F2_L6汽侧供汽不足,2.774222941800015,sigmoid,13,0
2024-06-23,31777,F3_L6水位过高,2.676735796115146,sigmoid,13,0
2024-06-23,31837,F0_normal,0.0,none,-1,0
2024-06-23,31837,F1_L6换热能力下降,2.1723264067128616,sigmoid,21,0
2024-06-23,31837,F2_L6汽侧供汽不足,2.714223386053172,sigmoid,15,0
2024-06-23,31837,F3_L6水位过高,2.680443518983844,ramp,17,0
2024-06-23,31897,F0_normal,0.0,none,-1,0
2024-06-23,31897,F1_L6换热能力下降,2.5303158954006943,sigmoid,19,0
2024-06-23,31897,F2_L6汽侧供汽不足,2.7951817596542012,sigmoid,11,0
2024-06-23,31897,F3_L6水位过高,2.3320093464879075,ramp,14,0
2024-06-23,31957,F0_normal,0.0,none,-1,0
2024-06-23,31957,F1_L6换热能力下降,2.5501311654353103,sigmoid,15,0
2024-06-23,31957,F2_L6汽侧供汽不足,2.5373988829089025,sigmoid,12,1
2024-06-23,31957,F3_L6水位过高,2.424008454527737,sigmoid,18,0
2024-06-23,32017,F0_normal,0.0,none,-1,0
2024-06-23,32017,F1_L6换热能力下降,2.038938378811848,sigmoid,9,0
2024-06-23,32017,F2_L6汽侧供汽不足,2.0684593846687855,sigmoid,22,1
2024-06-23,32017,F3_L6水位过高,2.4853605204422364,ramp,9,0
2024-06-23,32077,F0_normal,0.0,none,-1,0
2024-06-23,32077,F1_L6换热能力下降,2.031367195566718,sigmoid,23,0
2024-06-23,32077,F2_L6汽侧供汽不足,2.190185243201295,sigmoid,15,1
2024-06-23,32077,F3_L6水位过高,2.197596121214292,ramp,8,0
2024-06-23,32137,F0_normal,0.0,none,-1,0
2024-06-23,32137,F1_L6换热能力下降,2.814176139343771,ramp,21,0
2024-06-23,32137,F2_L6汽侧供汽不足,2.3257742664365417,sigmoid,9,1
2024-06-23,32137,F3_L6水位过高,2.333070840764922,ramp,23,0
2024-06-23,32197,F0_normal,0.0,none,-1,0
2024-06-23,32197,F1_L6换热能力下降,2.7240875082791005,sigmoid,18,1
2024-06-23,32197,F2_L6汽侧供汽不足,2.5953160052395807,ramp,18,0
2024-06-23,32197,F3_L6水位过高,2.713302280754725,sigmoid,14,0
2024-06-23,32257,F0_normal,0.0,none,-1,0
2024-06-23,32257,F1_L6换热能力下降,2.4434548572300963,sigmoid,19,1
2024-06-23,32257,F2_L6汽侧供汽不足,2.3025918412864175,sigmoid,13,0
2024-06-23,32257,F3_L6水位过高,2.5858508330328904,sigmoid,10,0
2024-06-23,32317,F0_normal,0.0,none,-1,0
2024-06-23,32317,F1_L6换热能力下降,2.9206823074328234,sigmoid,9,0
2024-06-23,32317,F2_L6汽侧供汽不足,2.269194233445967,sigmoid,18,0
2024-06-23,32317,F3_L6水位过高,2.378995638931455,ramp,20,1
2024-06-23,32377,F0_normal,0.0,none,-1,0
2024-06-23,32377,F1_L6换热能力下降,2.8867130636605385,sigmoid,16,0
2024-06-23,32377,F2_L6汽侧供汽不足,2.421401297884475,ramp,13,1
2024-06-23,32377,F3_L6水位过高,2.6603213155262204,sigmoid,10,0
2024-06-23,32437,F0_normal,0.0,none,-1,0
2024-06-23,32437,F1_L6换热能力下降,2.30352459921664,sigmoid,13,0
2024-06-23,32437,F2_L6汽侧供汽不足,2.3007055908056424,sigmoid,10,0
2024-06-23,32437,F3_L6水位过高,2.292093425252099,ramp,8,0
2024-06-23,32497,F0_normal,0.0,none,-1,0
2024-06-23,32497,F1_L6换热能力下降,2.615619978978891,ramp,9,0
2024-06-23,32497,F2_L6汽侧供汽不足,2.4192596400795066,sigmoid,21,0
2024-06-23,32497,F3_L6水位过高,2.476602305339609,ramp,10,0
2024-06-23,32557,F0_normal,0.0,none,-1,0
2024-06-23,32557,F1_L6换热能力下降,2.224503877969363,ramp,20,0
2024-06-23,32557,F2_L6汽侧供汽不足,2.974025702832855,sigmoid,10,0
2024-06-23,32557,F3_L6水位过高,2.6759864141905094,sigmoid,8,1
2024-06-23,32617,F0_normal,0.0,none,-1,0
2024-06-23,32617,F1_L6换热能力下降,2.624361315665423,sigmoid,8,0
2024-06-23,32617,F2_L6汽侧供汽不足,2.730104299437061,sigmoid,8,0
2024-06-23,32617,F3_L6水位过高,2.9713101148314682,sigmoid,8,0
2024-06-23,32677,F0_normal,0.0,none,-1,0
2024-06-23,32677,F1_L6换热能力下降,2.441504663788572,ramp,22,0
2024-06-23,32677,F2_L6汽侧供汽不足,2.8015667133843953,sigmoid,20,1
2024-06-23,32677,F3_L6水位过高,2.725372119498161,ramp,18,1
2024-06-23,32737,F0_normal,0.0,none,-1,0
2024-06-23,32737,F1_L6换热能力下降,2.5323254826643016,sigmoid,20,0
2024-06-23,32737,F2_L6汽侧供汽不足,2.5200612342608966,ramp,10,0
2024-06-23,32737,F3_L6水位过高,2.8304323636585593,sigmoid,10,1
2024-06-23,32797,F0_normal,0.0,none,-1,0
2024-06-23,32797,F1_L6换热能力下降,2.1336311491841595,sigmoid,19,1
2024-06-23,32797,F2_L6汽侧供汽不足,2.909154960799986,ramp,21,1
2024-06-23,32797,F3_L6水位过高,2.703719006203644,ramp,20,0
2024-06-23,32857,F0_normal,0.0,none,-1,0
2024-06-23,32857,F1_L6换热能力下降,2.940973827604797,ramp,8,1
2024-06-23,32857,F2_L6汽侧供汽不足,2.882135114133424,sigmoid,10,0
2024-06-23,32857,F3_L6水位过高,2.61906356855295,sigmoid,13,0
2024-06-23,32917,F0_normal,0.0,none,-1,0
2024-06-23,32917,F1_L6换热能力下降,2.4189767951127408,ramp,20,0
2024-06-23,32917,F2_L6汽侧供汽不足,2.579332581116333,ramp,20,0
2024-06-23,32917,F3_L6水位过高,2.2969475708268074,ramp,19,1
2024-06-23,32977,F0_normal,0.0,none,-1,0
2024-06-23,32977,F1_L6换热能力下降,2.0244417574944444,sigmoid,22,0
2024-06-23,32977,F2_L6汽侧供汽不足,2.9300671079323175,sigmoid,22,0
2024-06-23,32977,F3_L6水位过高,2.7452539197159154,ramp,17,2
2024-06-23,33037,F0_normal,0.0,none,-1,0
2024-06-23,33037,F1_L6换热能力下降,2.4572545132940236,ramp,18,0
2024-06-23,33037,F2_L6汽侧供汽不足,2.0968539117502214,sigmoid,11,0
2024-06-23,33037,F3_L6水位过高,2.390919324419329,sigmoid,9,0
2024-06-26,35977,F0_normal,0.0,none,-1,0
2024-06-26,35977,F1_L6换热能力下降,2.075132391325517,sigmoid,20,0
2024-06-26,35977,F2_L6汽侧供汽不足,2.304857412783355,sigmoid,22,0
2024-06-26,35977,F3_L6水位过高,2.384180304097848,sigmoid,20,0
2024-06-26,36037,F0_normal,0.0,none,-1,0
2024-06-26,36037,F1_L6换热能力下降,2.857303060763522,sigmoid,16,0
2024-06-26,36037,F2_L6汽侧供汽不足,2.6798818175722587,sigmoid,17,0
2024-06-26,36037,F3_L6水位过高,2.014430876956899,sigmoid,18,0
2024-06-26,36097,F0_normal,0.0,none,-1,0
2024-06-26,36097,F1_L6换热能力下降,2.2294170055653937,sigmoid,19,0
2024-06-26,36097,F2_L6汽侧供汽不足,2.7309902194090308,ramp,19,0
2024-06-26,36097,F3_L6水位过高,2.013172072943668,sigmoid,11,0
2024-06-26,36157,F0_normal,0.0,none,-1,0
2024-06-26,36157,F1_L6换热能力下降,2.075796442830581,sigmoid,12,0
2024-06-26,36157,F2_L6汽侧供汽不足,2.547219490404603,ramp,9,1
2024-06-26,36157,F3_L6水位过高,2.523025030045248,ramp,11,0
2024-06-26,36217,F0_normal,0.0,none,-1,0
2024-06-26,36217,F1_L6换热能力下降,2.578686332028743,sigmoid,10,1
2024-06-26,36217,F2_L6汽侧供汽不足,2.6191392018069566,ramp,15,0
2024-06-26,36217,F3_L6水位过高,2.045186694951429,ramp,11,0
2024-06-26,36277,F0_normal,0.0,none,-1,0
2024-06-26,36277,F1_L6换热能力下降,2.4057489985132436,sigmoid,11,0
2024-06-26,36277,F2_L6汽侧供汽不足,2.4454374728880146,sigmoid,20,0
2024-06-26,36277,F3_L6水位过高,2.743312815740575,ramp,13,1
2024-06-26,36337,F0_normal,0.0,none,-1,0
2024-06-26,36337,F1_L6换热能力下降,2.943431984936074,ramp,11,0
2024-06-26,36337,F2_L6汽侧供汽不足,2.3449931320124087,ramp,11,0
2024-06-26,36337,F3_L6水位过高,2.078649241309243,ramp,16,1
2024-06-26,36397,F0_normal,0.0,none,-1,0
2024-06-26,36397,F1_L6换热能力下降,2.5093327842743545,ramp,20,0
2024-06-26,36397,F2_L6汽侧供汽不足,2.969023435565639,ramp,15,1
2024-06-26,36397,F3_L6水位过高,2.2348932845396825,ramp,23,0
2024-06-26,36457,F0_normal,0.0,none,-1,0
2024-06-26,36457,F1_L6换热能力下降,2.3650133575813324,sigmoid,20,1
2024-06-26,36457,F2_L6汽侧供汽不足,2.685623595934835,ramp,13,0
2024-06-26,36457,F3_L6水位过高,2.0385340492516497,ramp,8,0
2024-06-26,36517,F0_normal,0.0,none,-1,0
2024-06-26,36517,F1_L6换热能力下降,2.6729840834086263,sigmoid,11,1
2024-06-26,36517,F2_L6汽侧供汽不足,2.926781756914525,sigmoid,20,0
2024-06-26,36517,F3_L6水位过高,2.8041031481975898,ramp,8,0
2024-06-26,36577,F0_normal,0.0,none,-1,0
2024-06-26,36577,F1_L6换热能力下降,2.4414703287214357,sigmoid,14,0
2024-06-26,36577,F2_L6汽侧供汽不足,2.591056941125668,sigmoid,12,1
2024-06-26,36577,F3_L6水位过高,2.2272553757269704,ramp,16,1
2024-06-26,36637,F0_normal,0.0,none,-1,0
2024-06-26,36637,F1_L6换热能力下降,2.213646137207272,ramp,12,1
2024-06-26,36637,F2_L6汽侧供汽不足,2.9299981528723227,ramp,22,0
2024-06-26,36637,F3_L6水位过高,2.9992144905926956,ramp,23,2
2024-06-26,36697,F0_normal,0.0,none,-1,0
2024-06-26,36697,F1_L6换热能力下降,2.1500756628596105,ramp,9,2
2024-06-26,36697,F2_L6汽侧供汽不足,2.271923740188499,ramp,8,0
2024-06-26,36697,F3_L6水位过高,2.110008492827899,ramp,17,0
2024-06-26,36757,F0_normal,0.0,none,-1,0
2024-06-26,36757,F1_L6换热能力下降,2.7473324862924304,sigmoid,9,0
2024-06-26,36757,F2_L6汽侧供汽不足,2.2548121304946185,sigmoid,21,0
2024-06-26,36757,F3_L6水位过高,2.8695163989879524,ramp,13,0
2024-06-26,36817,F0_normal,0.0,none,-1,0
2024-06-26,36817,F1_L6换热能力下降,2.903322254715962,ramp,9,0
2024-06-26,36817,F2_L6汽侧供汽不足,2.8391721222864676,ramp,11,0
2024-06-26,36817,F3_L6水位过高,2.64264897118087,ramp,11,0
2024-06-26,36877,F0_normal,0.0,none,-1,0
2024-06-26,36877,F1_L6换热能力下降,2.286899669542718,ramp,11,1
2024-06-26,36877,F2_L6汽侧供汽不足,2.583588800746191,ramp,14,0
2024-06-26,36877,F3_L6水位过高,2.8241452496394754,sigmoid,9,0
2024-06-26,36937,F0_normal,0.0,none,-1,0
2024-06-26,36937,F1_L6换热能力下降,2.7217689190487064,ramp,23,0
2024-06-26,36937,F2_L6汽侧供汽不足,2.5036355694112875,sigmoid,9,0
2024-06-26,36937,F3_L6水位过高,2.997371995747106,ramp,10,0
2024-06-26,36997,F0_normal,0.0,none,-1,0
2024-06-26,36997,F1_L6换热能力下降,2.477458995602505,sigmoid,17,0
2024-06-26,36997,F2_L6汽侧供汽不足,2.3476713026142626,ramp,16,0
2024-06-26,36997,F3_L6水位过高,2.7820810372435876,sigmoid,8,0
2024-06-26,37057,F0_normal,0.0,none,-1,0
2024-06-26,37057,F1_L6换热能力下降,2.878667380146429,ramp,22,0
2024-06-26,37057,F2_L6汽侧供汽不足,2.7037673685323673,sigmoid,8,0
2024-06-26,37057,F3_L6水位过高,2.2576971422338277,sigmoid,11,0
2024-06-26,37117,F0_normal,0.0,none,-1,0
2024-06-26,37117,F1_L6换热能力下降,2.3633038663901274,ramp,12,0
2024-06-26,37117,F2_L6汽侧供汽不足,2.792736011610734,sigmoid,21,1
2024-06-26,37117,F3_L6水位过高,2.581634430768867,ramp,22,0
2024-06-26,37177,F0_normal,0.0,none,-1,0
2024-06-26,37177,F1_L6换热能力下降,2.9706385438672243,sigmoid,8,0
2024-06-26,37177,F2_L6汽侧供汽不足,2.0149733897363777,sigmoid,17,0
2024-06-26,37177,F3_L6水位过高,2.0565286825231492,sigmoid,8,1
2024-06-26,37237,F0_normal,0.0,none,-1,0
2024-06-26,37237,F1_L6换热能力下降,2.1953639563137965,sigmoid,16,1
2024-06-26,37237,F2_L6汽侧供汽不足,2.538068393906749,sigmoid,8,0
2024-06-26,37237,F3_L6水位过高,2.4479683767440843,sigmoid,22,1
2024-06-26,37297,F0_normal,0.0,none,-1,0
2024-06-26,37297,F1_L6换热能力下降,2.49194015240435,sigmoid,19,0
2024-06-26,37297,F2_L6汽侧供汽不足,2.0108795292290407,sigmoid,14,0
2024-06-26,37297,F3_L6水位过高,2.7723970788844152,ramp,23,1
2024-06-26,37357,F0_normal,0.0,none,-1,0
2024-06-26,37357,F1_L6换热能力下降,2.110128848602181,sigmoid,23,0
2024-06-26,37357,F2_L6汽侧供汽不足,2.782799878011071,ramp,10,0
2024-06-26,37357,F3_L6水位过高,2.9572653513893408,sigmoid,21,0
2024-06-27,37417,F0_normal,0.0,none,-1,0
2024-06-27,37417,F1_L6换热能力下降,2.9350469432111774,ramp,22,0
2024-06-27,37417,F2_L6汽侧供汽不足,2.252686371935593,sigmoid,22,0
2024-06-27,37417,F3_L6水位过高,2.710576369182827,sigmoid,21,0
2024-06-27,37477,F0_normal,0.0,none,-1,0
2024-06-27,37477,F1_L6换热能力下降,2.6596252570829857,ramp,14,0
2024-06-27,37477,F2_L6汽侧供汽不足,2.5631981846764296,ramp,21,0
2024-06-27,37477,F3_L6水位过高,2.154287957981249,sigmoid,14,0
2024-06-27,37537,F0_normal,0.0,none,-1,0
2024-06-27,37537,F1_L6换热能力下降,2.6506489281862153,ramp,15,1
2024-06-27,37537,F2_L6汽侧供汽不足,2.98306498824876,sigmoid,11,1
2024-06-27,37537,F3_L6水位过高,2.7780090585926107,sigmoid,16,0
2024-06-27,37597,F0_normal,0.0,none,-1,0
2024-06-27,37597,F1_L6换热能力下降,2.6168707463957923,ramp,19,0
2024-06-27,37597,F2_L6汽侧供汽不足,2.209010994038178,ramp,19,0
2024-06-27,37597,F3_L6水位过高,2.4262061646326925,sigmoid,20,0
2024-06-27,37657,F0_normal,0.0,none,-1,0
2024-06-27,37657,F1_L6换热能力下降,2.6329391706192165,ramp,12,0
2024-06-27,37657,F2_L6汽侧供汽不足,2.431129922963628,sigmoid,17,0
2024-06-27,37657,F3_L6水位过高,2.6685385966006137,sigmoid,10,1
2024-06-27,37717,F0_normal,0.0,none,-1,0
2024-06-27,37717,F1_L6换热能力下降,2.4022603957563944,ramp,21,1
2024-06-27,37717,F2_L6汽侧供汽不足,2.951675106383223,ramp,9,0
2024-06-27,37717,F3_L6水位过高,2.8884080656640503,ramp,9,0
2024-06-27,37777,F0_normal,0.0,none,-1,0
2024-06-27,37777,F1_L6换热能力下降,2.300012390293992,ramp,19,1
2024-06-27,37777,F2_L6汽侧供汽不足,2.8468034743962187,ramp,23,0
2024-06-27,37777,F3_L6水位过高,2.890122051610126,sigmoid,23,0
2024-06-27,37837,F0_normal,0.0,none,-1,0
2024-06-27,37837,F1_L6换热能力下降,2.618369458391491,ramp,17,0
2024-06-27,37837,F2_L6汽侧供汽不足,2.514234537477927,sigmoid,9,0
2024-06-27,37837,F3_L6水位过高,2.678233675902954,ramp,15,0
2024-06-27,37897,F0_normal,0.0,none,-1,0
2024-06-27,37897,F1_L6换热能力下降,2.5579819937444723,sigmoid,19,0
2024-06-27,37897,F2_L6汽侧供汽不足,2.8248790429612756,ramp,15,0
2024-06-27,37897,F3_L6水位过高,2.07765005689722,ramp,14,0
2024-06-27,37957,F0_normal,0.0,none,-1,0
2024-06-27,37957,F1_L6换热能力下降,2.864995089927876,ramp,16,0
2024-06-27,37957,F2_L6汽侧供汽不足,2.3568838301455024,ramp,11,0
2024-06-27,37957,F3_L6水位过高,2.936673810640551,sigmoid,9,0
2024-06-27,38017,F0_normal,0.0,none,-1,0
2024-06-27,38017,F1_L6换热能力下降,2.245390916600001,ramp,22,0
2024-06-27,38017,F2_L6汽侧供汽不足,2.342398688062258,ramp,9,1
2024-06-27,38017,F3_L6水位过高,2.4872009632453502,ramp,11,0
2024-06-27,38077,F0_normal,0.0,none,-1,0
2024-06-27,38077,F1_L6换热能力下降,2.814538388320262,sigmoid,16,0
2024-06-27,38077,F2_L6汽侧供汽不足,2.651117140470751,sigmoid,11,0
2024-06-27,38077,F3_L6水位过高,2.382235571958348,ramp,20,0
2024-06-27,38137,F0_normal,0.0,none,-1,0
2024-06-27,38137,F1_L6换热能力下降,2.3164686449054734,ramp,12,0
2024-06-27,38137,F2_L6汽侧供汽不足,2.956462138948745,sigmoid,12,0
2024-06-27,38137,F3_L6水位过高,2.1157217544173026,sigmoid,21,0
2024-06-27,38197,F0_normal,0.0,none,-1,0
2024-06-27,38197,F1_L6换热能力下降,2.822490012643257,ramp,20,0
2024-06-27,38197,F2_L6汽侧供汽不足,2.5083103585360607,sigmoid,15,0
2024-06-27,38197,F3_L6水位过高,2.043700057998155,sigmoid,20,0
2024-06-27,38257,F0_normal,0.0,none,-1,0
2024-06-27,38257,F1_L6换热能力下降,2.7681106606630443,ramp,14,1
2024-06-27,38257,F2_L6汽侧供汽不足,2.950645819511412,sigmoid,18,1
2024-06-27,38257,F3_L6水位过高,2.5484087749871893,sigmoid,9,0
2024-06-27,38317,F0_normal,0.0,none,-1,0
2024-06-27,38317,F1_L6换热能力下降,2.81884129993156,sigmoid,19,0
2024-06-27,38317,F2_L6汽侧供汽不足,2.5642094117026057,sigmoid,20,0
2024-06-27,38317,F3_L6水位过高,2.9997212733496608,sigmoid,10,0
2024-06-27,38377,F0_normal,0.0,none,-1,0
2024-06-27,38377,F1_L6换热能力下降,2.0930061230750874,ramp,11,0
2024-06-27,38377,F2_L6汽侧供汽不足,2.1666546849848736,ramp,15,1
2024-06-27,38377,F3_L6水位过高,2.162755958767831,sigmoid,20,0
2024-06-27,38437,F0_normal,0.0,none,-1,0
2024-06-27,38437,F1_L6换热能力下降,2.6040308643141423,ramp,23,0
2024-06-27,38437,F2_L6汽侧供汽不足,2.3913363495497637,sigmoid,9,0
2024-06-27,38437,F3_L6水位过高,2.6091805234857244,ramp,20,0
2024-06-27,38497,F0_normal,0.0,none,-1,0
2024-06-27,38497,F1_L6换热能力下降,2.0327942887617896,ramp,16,0
2024-06-27,38497,F2_L6汽侧供汽不足,2.094475594246417,ramp,11,0
2024-06-27,38497,F3_L6水位过高,2.3763592583182334,sigmoid,9,1
2024-06-27,38557,F0_normal,0.0,none,-1,0
2024-06-27,38557,F1_L6换热能力下降,2.47805150086803,sigmoid,21,0
2024-06-27,38557,F2_L6汽侧供汽不足,2.9487416546874803,sigmoid,20,0
2024-06-27,38557,F3_L6水位过高,2.1603150228044457,sigmoid,9,0
2024-06-27,38617,F0_normal,0.0,none,-1,0
2024-06-27,38617,F1_L6换热能力下降,2.4795050348135104,ramp,8,0
2024-06-27,38617,F2_L6汽侧供汽不足,2.567568158759866,ramp,21,0
2024-06-27,38617,F3_L6水位过高,2.6995636782999086,sigmoid,15,1
2024-06-27,38677,F0_normal,0.0,none,-1,0
2024-06-27,38677,F1_L6换热能力下降,2.178352609403884,ramp,17,0
2024-06-27,38677,F2_L6汽侧供汽不足,2.245285534637058,sigmoid,13,0
2024-06-27,38677,F3_L6水位过高,2.608916121174919,ramp,8,1
2024-06-27,38737,F0_normal,0.0,none,-1,0
2024-06-27,38737,F1_L6换热能力下降,2.631095769883845,sigmoid,15,1
2024-06-27,38737,F2_L6汽侧供汽不足,2.1593605365975974,ramp,20,2
2024-06-27,38737,F3_L6水位过高,2.8826914932827705,ramp,15,1
2024-06-27,38797,F0_normal,0.0,none,-1,0
2024-06-27,38797,F1_L6换热能力下降,2.1000936703635,sigmoid,8,0
2024-06-27,38797,F2_L6汽侧供汽不足,2.2528854598176076,ramp,19,0
2024-06-27,38797,F3_L6水位过高,2.8823402598552645,ramp,15,1
2024-06-28,38857,F0_normal,0.0,none,-1,0
2024-06-28,38857,F1_L6换热能力下降,2.4278190753612017,sigmoid,13,0
2024-06-28,38857,F2_L6汽侧供汽不足,2.180269569117687,sigmoid,20,0
2024-06-28,38857,F3_L6水位过高,2.756997424332443,ramp,9,1
2024-06-28,38917,F0_normal,0.0,none,-1,0
2024-06-28,38917,F1_L6换热能力下降,2.442673738811925,sigmoid,10,1
2024-06-28,38917,F2_L6汽侧供汽不足,2.295195389000378,ramp,9,0
2024-06-28,38917,F3_L6水位过高,2.7613393224112124,ramp,8,0
2024-06-28,38977,F0_normal,0.0,none,-1,0
2024-06-28,38977,F1_L6换热能力下降,2.199654818812427,sigmoid,10,0
2024-06-28,38977,F2_L6汽侧供汽不足,2.6509371807070257,ramp,12,2
2024-06-28,38977,F3_L6水位过高,2.4620010356679973,ramp,12,1
2024-06-28,39037,F0_normal,0.0,none,-1,0
2024-06-28,39037,F1_L6换热能力下降,2.8650455185792674,ramp,17,0
2024-06-28,39037,F2_L6汽侧供汽不足,2.376890312042936,sigmoid,8,0
2024-06-28,39037,F3_L6水位过高,2.957546729023179,ramp,22,0
2024-06-28,39097,F0_normal,0.0,none,-1,0
2024-06-28,39097,F1_L6换热能力下降,2.3422414933787747,sigmoid,17,0
2024-06-28,39097,F2_L6汽侧供汽不足,2.571490342344836,sigmoid,23,0
2024-06-28,39097,F3_L6水位过高,2.4251360307198135,sigmoid,17,0
2024-06-28,39157,F0_normal,0.0,none,-1,0
2024-06-28,39157,F1_L6换热能力下降,2.4461948029118163,ramp,19,1
2024-06-28,39157,F2_L6汽侧供汽不足,2.51109491225701,ramp,12,0
2024-06-28,39157,F3_L6水位过高,2.949924960853857,ramp,10,1
2024-06-28,39217,F0_normal,0.0,none,-1,0
2024-06-28,39217,F1_L6换热能力下降,2.0543467084243012,ramp,18,0
2024-06-28,39217,F2_L6汽侧供汽不足,2.5882110083321184,sigmoid,14,0
2024-06-28,39217,F3_L6水位过高,2.53024346833483,sigmoid,18,0
2024-06-28,39277,F0_normal,0.0,none,-1,0
2024-06-28,39277,F1_L6换热能力下降,2.485838189931193,sigmoid,21,1
2024-06-28,39277,F2_L6汽侧供汽不足,2.059319620342597,sigmoid,14,1
2024-06-28,39277,F3_L6水位过高,2.0201107074306606,ramp,14,0
2024-06-28,39337,F0_normal,0.0,none,-1,0
2024-06-28,39337,F1_L6换热能力下降,2.3740831701750214,ramp,18,0
2024-06-28,39337,F2_L6汽侧供汽不足,2.736605625300579,ramp,16,0
2024-06-28,39337,F3_L6水位过高,2.6789238439863188,sigmoid,8,0
2024-06-28,39397,F0_normal,0.0,none,-1,0
2024-06-28,39397,F1_L6换热能力下降,2.1139106512934527,ramp,8,0
2024-06-28,39397,F2_L6汽侧供汽不足,2.624401641530944,sigmoid,12,0
2024-06-28,39397,F3_L6水位过高,2.499980484841551,sigmoid,17,2
2024-06-28,39457,F0_normal,0.0,none,-1,0
2024-06-28,39457,F1_L6换热能力下降,2.2158352832233454,ramp,8,0
2024-06-28,39457,F2_L6汽侧供汽不足,2.7027182349967536,sigmoid,12,1
2024-06-28,39457,F3_L6水位过高,2.65535194004916,sigmoid,13,0
2024-06-28,39517,F0_normal,0.0,none,-1,0
2024-06-28,39517,F1_L6换热能力下降,2.6690365578248523,sigmoid,10,1
2024-06-28,39517,F2_L6汽侧供汽不足,2.1829603932659984,sigmoid,8,0
2024-06-28,39517,F3_L6水位过高,2.2757154940251842,ramp,23,0
2024-06-28,39577,F0_normal,0.0,none,-1,0
2024-06-28,39577,F1_L6换热能力下降,2.9743712906746484,ramp,15,0
2024-06-28,39577,F2_L6汽侧供汽不足,2.5833540515356166,ramp,12,1
2024-06-28,39577,F3_L6水位过高,2.8223334340360813,ramp,23,0
2024-06-28,39637,F0_normal,0.0,none,-1,0
2024-06-28,39637,F1_L6换热能力下降,2.3570558738905207,sigmoid,9,0
2024-06-28,39637,F2_L6汽侧供汽不足,2.2369068904028517,ramp,21,1
2024-06-28,39637,F3_L6水位过高,2.8539438493994695,ramp,20,0
2024-06-28,39697,F0_normal,0.0,none,-1,0
2024-06-28,39697,F1_L6换热能力下降,2.986100592275528,sigmoid,16,1
2024-06-28,39697,F2_L6汽侧供汽不足,2.4692957440610943,sigmoid,15,1
2024-06-28,39697,F3_L6水位过高,2.327077095985442,sigmoid,21,0
2024-06-28,39757,F0_normal,0.0,none,-1,0
2024-06-28,39757,F1_L6换热能力下降,2.3471447149274427,sigmoid,18,0
2024-06-28,39757,F2_L6汽侧供汽不足,2.4049079589342313,ramp,10,0
2024-06-28,39757,F3_L6水位过高,2.2503318852277707,ramp,18,0
2024-06-28,39817,F0_normal,0.0,none,-1,0
2024-06-28,39817,F1_L6换热能力下降,2.048711486938421,sigmoid,18,0
2024-06-28,39817,F2_L6汽侧供汽不足,2.6253392465968446,sigmoid,8,0
2024-06-28,39817,F3_L6水位过高,2.305235492913101,sigmoid,10,0
2024-06-28,39877,F0_normal,0.0,none,-1,0
2024-06-28,39877,F1_L6换热能力下降,2.396375607206136,ramp,14,1
2024-06-28,39877,F2_L6汽侧供汽不足,2.32494635119455,sigmoid,18,0
2024-06-28,39877,F3_L6水位过高,2.204317711058056,sigmoid,21,0
2024-06-28,39937,F0_normal,0.0,none,-1,0
2024-06-28,39937,F1_L6换热能力下降,2.0436727708931994,ramp,10,0
2024-06-28,39937,F2_L6汽侧供汽不足,2.410155470221919,sigmoid,18,0
2024-06-28,39937,F3_L6水位过高,2.9604111870584435,sigmoid,13,0
2024-06-28,39997,F0_normal,0.0,none,-1,0
2024-06-28,39997,F1_L6换热能力下降,2.1650686427930736,sigmoid,19,1
2024-06-28,39997,F2_L6汽侧供汽不足,2.566827082489008,ramp,17,0
2024-06-28,39997,F3_L6水位过高,2.815816824030288,ramp,11,0
2024-06-28,40057,F0_normal,0.0,none,-1,0
2024-06-28,40057,F1_L6换热能力下降,2.2828235743712875,sigmoid,8,0
2024-06-28,40057,F2_L6汽侧供汽不足,2.976596313079814,sigmoid,11,0
2024-06-28,40057,F3_L6水位过高,2.0034533315998275,ramp,17,0
2024-06-28,40117,F0_normal,0.0,none,-1,0
2024-06-28,40117,F1_L6换热能力下降,2.530263554664329,ramp,23,0
2024-06-28,40117,F2_L6汽侧供汽不足,2.1493045620171674,sigmoid,16,0
2024-06-28,40117,F3_L6水位过高,2.2992985601970095,ramp,10,0
2024-06-28,40177,F0_normal,0.0,none,-1,0
2024-06-28,40177,F1_L6换热能力下降,2.396630377397038,ramp,10,1
2024-06-28,40177,F2_L6汽侧供汽不足,2.4304203334651318,ramp,18,1
2024-06-28,40177,F3_L6水位过高,2.6709536263654496,sigmoid,19,0
2024-06-28,40237,F0_normal,0.0,none,-1,0
2024-06-28,40237,F1_L6换热能力下降,2.4633586530738,ramp,23,1
2024-06-28,40237,F2_L6汽侧供汽不足,2.333798153447501,sigmoid,12,1
2024-06-28,40237,F3_L6水位过高,2.3804160266523704,ramp,13,0
